"country","year","ger_upsec_total","ger_upsec_female","ger_upsec_male","ner_upsec_total","ner_upsec_female","ner_upsec_male","gov_exp_per_stud","gov_exp_edu","gdp_pc","unemp_int_total","unemp_int_female","unemp_int_male","unemp_total","ESL_female","ESL_male","ESL_total","comp_upsec_rural","comp_upsec_urban","comp_upsec_female","comp_upsec_male","comp_upsec_total"
"Austria",1999,"96.08583","91.70835","100.25548","94.08544","93.01848","95.10173",29.29272,6.11233997344971,27078.7081612201,4.351,4.538,4.212,4.699,11.9,9.6,10.7,NA,NA,NA,NA,NA
"Austria",2000,"95.28753","91.32316","99.06203","92.66917","91.77061","93.5247",27.16046,5.58880996704102,24487.2974685956,4.165,3.988,4.296,4.687,10.7,9.6,10.2,NA,NA,NA,NA,NA
"Austria",2001,"95.25989","91.47879","98.8598",NA,NA,NA,27.05851,5.57547998428345,24430.495982841,3.615,3.556,3.658,4.007,10.7,9.7,10.2,NA,NA,NA,NA,NA
"Austria",2002,"95.38631","90.68836","99.86663","91.76472","90.70804","92.77245",27.00313,5.52213001251221,26334.862215032,4.738,4.331,5.041,4.852,10.2,8.7,9.5,NA,NA,NA,NA,NA
"Austria",2003,"96.65121","91.7194","101.35856","92.1747","91.04928","93.2489",27.87828,5.36183023452759,32110.1159661425,4.232,3.728,4.598,4.779,9.8,8.3,9,NA,NA,NA,NA,NA
"Austria",2004,"96.64892","91.5736","101.49338","89.79727","87.46766","92.02091",26.59278,5.30243015289307,36614.2506533707,5.278,5.324,5.24,5.969,9.1,10.5,9.8,NA,NA,NA,NA,NA
"Austria",2005,"98.81218","94.29302","103.12269","94.81684","94.28773","95.32152",25.39476,5.24937009811401,38157.37022862,4.867,5.07,4.699,5.682,8.9,9.7,9.3,NA,NA,NA,NA,NA
"Austria",2006,"99.44312","95.86561","102.8512","96.5709","96.98396","96.1774",25.70922,5.22652006149292,40382.2078298575,4.575,4.817,4.374,5.32,9.8,10.3,10,0.881099998950958,0.815199971199036,0.862100005149841,0.819500029087067,0.841400027275085
"Austria",2007,"98.22172","94.5627","101.71252","96.73466","93.00107","94.52645",25.40733,5.14690017700195,46622.9622913635,4.147,4.432,3.911,4.909,10.2,11.5,10.8,0.889299988746643,0.791700005531311,0.855099976062775,0.800100028514862,0.828400015830994
"Austria",2008,"96.99605","93.05975","100.75245","95.85194","92.27892","93.65211",26.29943,5.26395988464355,51581.3982361071,3.615,3.71,3.534,4.198,9.9,10.4,10.2,0.880599975585938,0.802699983119965,0.843400001525879,0.820800006389618,0.832499980926514
"Austria",2009,"97.20628","93.03337","101.18597","95.20536","91.47142","92.86766",29.28391,5.73024988174438,47857.4446635266,4.701,4.258,5.078,5.371,8.9,8.6,8.8,0.89190000295639,0.820900022983551,0.852299988269806,0.842700004577637,0.847599983215332
"Austria",2010,"96.05919","92.34922","99.59389","93.13463","89.94139","90.21133",28.43686,5.70047998428345,46611.1393420232,4.411,4.164,4.624,4.883,8.3,8.4,8.3,0.884199976921082,0.817700028419495,0.856100022792816,0.83050000667572,0.843400001525879
"Austria",2011,"94.8294","91.23925","98.24662","93.91868","90.61622","90.77555",29.42218,5.59226989746094,51116.8953522042,4.016,3.927,4.095,4.637,8,9,8.5,0.900600016117096,0.802900016307831,0.860700011253357,0.819999992847443,0.84060001373291
"Austria",2012,"95.68707","92.34128","98.87013","93.89451","90.69398","90.3981",26.71204,5.48040008544922,48250.4059142637,4.436,4.283,4.57,4.909,7.6,8,7.8,0.906300008296967,0.808399975299835,0.867200016975403,0.82940000295639,0.847899973392487
"Austria",2013,"98.92463","95.63243","102.0541","91.33571","91.57208","91.11102",27.58908,5.54711008071899,50305.3545774973,4.748,4.564,4.908,5.367,7.1,7.9,7.5,0.907700002193451,0.824000000953674,0.867399990558624,0.849799990653992,0.858500003814697
"Austria",2014,"99.7727","96.45546","102.92204","91.86998","92.19802","91.55854",27.05619,5.44761991500854,51314.9722616322,5.072,4.702,5.378,5.674,6.5,7.6,7,0.929099977016449,0.857699990272522,0.89630001783371,0.875100016593933,0.885900020599365
"Austria",2015,"100.54135","97.29608","103.61914","91.87662","92.36832","91.4103",27.293,5.45658016204834,43915.228020857,5.508,5.052,5.883,5.802,6.8,7.8,7.3,0.93970000743866,0.84060001373291,0.890399992465973,0.870000004768372,0.880400002002716
"Austria",2016,"100.35442","96.91001","103.62082","91.77928","92.20004","91.38027",27.72044,5.4796199798584,45061.4993920192,5.822,5.441,6.133,6.064,6,7.7,6.9,0.928399980068207,0.861800014972687,0.9064000248909,0.869599997997284,0.887799978256226
"Austria",2017,"98.85204","95.39032","102.13039","91.18931","91.50145","90.8937",NA,5.37159013748169,47163.7425775142,5.105,4.548,5.56,5.561,5.8,9,7.4,0.916999995708466,0.836199998855591,0.894699990749359,0.835799992084503,0.86489999294281
"Austria",2018,"98.01917","94.478","101.36751","90.40722","90.89225","89.9486",NA,5.22655010223389,51194.0749841299,4.311,4.203,4.401,4.933,5.7,8.9,7.3,0.9132000207901,0.839600026607513,0.896200001239777,0.833599984645844,0.865400016307831
"Bulgaria",1999,"99.94559","101.85171","98.14732","79.27691","78.79756","79.72914",NA,NA,1659.71861105493,NA,NA,NA,14.1,NA,NA,NA,NA,NA,NA,NA,NA
"Bulgaria",2000,"101.60113","103.33592","99.96581","81.87028","80.90596","82.77933",NA,4.21983289718628,1621.26210738992,15.817,15.638,15.961,16.218,NA,NA,NA,NA,NA,NA,NA,NA
"Bulgaria",2001,"103.05221","105.02252","101.19293","82.74439","81.92344","83.51908",18.35665,3.38423991203308,1770.90704918691,19.362,18.978,19.67,19.921,20,21,20.5,NA,NA,NA,NA,NA
"Bulgaria",2002,"105.38985","107.10663","103.76671","83.76342","82.98152","84.50266",18.06848,3.38608002662659,2092.98288625558,17.666,17.659,17.672,18.11,19.4,22,20.7,NA,NA,NA,NA,NA
"Bulgaria",2003,"85.13413","86.02632","84.28999","81.02986","80.45089","81.57765",19.76148,3.99845004081726,2719.49436859287,12.499,12.363,12.606,13.733,21.3,22.5,21.9,NA,NA,NA,NA,NA
"Bulgaria",2004,"89.13016","88.62728","89.60721","82.59225","81.89503","83.25367",10.2099,4.24988985061646,3389.68743360274,11.252,11.11,11.361,12.037,20.6,22.2,21.4,NA,NA,NA,NA,NA
"Bulgaria",2005,"89.98334","88.99063","90.92653","82.93726","81.70912","84.10415",21.24879,4.10879993438721,3899.82596332878,9.217,9.557,8.959,10.083,20.3,20.6,20.4,NA,NA,NA,NA,NA
"Bulgaria",2006,"90.80572","89.71786","91.83932","83.26515","82.19778","84.27928",20.16032,3.90346002578735,4523.1465578805,7.694,8.358,7.183,8.951,17,17.7,17.3,0.70959997177124,0.905099987983704,0.815500020980835,0.800000011920929,0.807500004768372
"Bulgaria",2007,"92.04867","90.68611","93.34247","83.19434","82.1281","84.20677",19.53311,3.680340051651,5888.77685220636,5.761,6.26,5.382,6.878,14.7,15.2,14.9,0.745800018310547,0.914699971675873,0.84579998254776,0.846300005912781,0.846000015735626
"Bulgaria",2008,"91.40606","90.71284","92.06311","82.5019","81.49923","83.45226",22.67286,4.2190899848938,7271.30338858025,4.729,4.772,4.696,5.609,15.5,14.1,14.8,0.74210000038147,0.907999992370605,0.83459997177124,0.852400004863739,0.843299984931946
"Bulgaria",2009,"91.71738","90.97538","92.41926","81.87809","80.50536","83.17661",23.35568,4.27429008483887,6988.27316296465,5.933,6.094,5.812,6.817,15.8,13.7,14.7,0.77130001783371,0.916700005531311,0.838199973106384,0.870100021362305,0.854099988937378
"Bulgaria",2010,"93.15125","91.70842","94.51459","81.19918","79.76799","82.55152",23.08243,3.85746002197266,6863.66706774052,10.038,9.768,10.231,10.279,12.9,12.4,12.6,0.762000024318695,0.940400004386902,0.860000014305115,0.873499989509583,0.866999983787537
"Bulgaria",2011,"97.56957","95.31915","99.69542","81.35187","79.6201","82.98779",20.71572,3.54690003395081,7857.16706984441,10.204,9.103,10.986,11.26,12.6,11.2,11.8,0.805000007152557,0.902800023555756,0.852800011634827,0.874499976634979,0.864199995994568
"Bulgaria",2012,"96.66561","94.8811","98.34942","81.42149","79.61955","83.12175",19.05691,3.47650003433228,7430.7373804242,11.567,9.854,12.795,12.27,13,12.1,12.5,0.716099977493286,0.939400017261505,0.887700021266937,0.860499978065491,0.873600006103516
"Bulgaria",2013,"103.58604","101.63257","105.42808","81.60564","79.64884","83.45082",22.18229,4.05766010284424,7687.71368243317,12.368,11.522,12.986,12.941,12.7,12.3,12.5,0.681100010871887,0.924499988555908,0.858799993991852,0.861100018024445,0.860000014305115
"Bulgaria",2014,"111.08469","110.63361","111.5099","83.68767","81.49854","85.75126",NA,4.07005310058594,7912.27484371138,10.8,10.692,10.877,11.424,12.9,12.8,12.9,0.698300004005432,0.950800001621246,0.886699974536896,0.868399977684021,0.877300024032593
"Bulgaria",2015,"112.95832","111.76974","114.0784","87.80834","85.80003","89.70091",NA,3.91208434104919,7078.86032298969,8.384,8.082,8.596,9.143,13.4,13.3,13.4,0.701799988746643,0.952099978923798,0.890699982643127,0.865700006484985,0.878000020980835
"Bulgaria",2016,"111.46057","110.1312","112.71286","89.69743","87.63096","91.64409",NA,3.39370822906494,7570.93165511708,6.766,6.478,6.966,7.575,13.9,13.7,13.8,0.701200008392334,0.937600016593933,0.882300019264221,0.852199971675873,0.866900026798248
"Bulgaria",2017,"110.79782","109.83622","111.70191","90.44462","88.4388","92.33046",NA,4.07755994796753,8381.88134621669,5.147,5.184,5.122,6.164,13.5,12,12.7,0.684499979019165,0.929499983787537,0.842000007629395,0.871299982070923,0.857699990272522
"Bulgaria",2018,"121.37382","119.04915","123.55555","87.85662","85.57592","89.99707",NA,4.04709005355835,9436.14479876055,4.703,4.372,4.938,5.211,12.8,12.6,12.7,0.698000013828278,0.937399983406067,0.87389999628067,0.878600001335144,0.876200020313263
"Estonia",1999,"92.17786","97.52049","87.10435","85.42815","89.18095","81.86438",27.3503,6.65249013900757,4140.93660232167,12.578,11.218,13.693,11.573,9.2,19,14,NA,NA,NA,NA,NA
"Estonia",2000,"91.18235","96.47619","86.17995","88.79797","92.70598","85.10509",NA,5.33945989608765,4070.60902410208,15.039,14.717,15.296,13.36,11.1,19.2,15.1,NA,NA,NA,NA,NA
"Estonia",2001,"91.00707","95.9408","86.37256","90.30488","94.65965","86.21421",25.1553,5.22845983505249,4502.66614992392,14.413,16.352,12.769,13.134,11.6,17.8,14.7,NA,NA,NA,NA,NA
"Estonia",2002,"93.09514","97.85058","88.63715","91.67179","95.86161","87.74404",25.05491,5.43460988998413,5343.18310760735,10.061,9.8,10.269,10.026,10.3,16.9,13.6,NA,NA,NA,NA,NA
"Estonia",2003,"90.35046","96.29164","84.79311","91.04177","95.55659","86.81863",26.16631,5.27309989929199,7205.40703313243,12.519,11.829,13.074,11.288,8.8,18.3,13.7,NA,NA,NA,NA,NA
"Estonia",2004,"91.96157","97.31838","86.96144","90.75874","93.91227","87.81518",24.89156,4.87674999237061,8916.0728274602,10.564,9.36,11.548,10.248,7.9,20,13.9,NA,NA,NA,NA,NA
"Estonia",2005,"96.03882","101.47938","90.96666","92.43847","95.21244","89.85234",23.04911,4.81026983261108,10414.6381183565,9.277,8.646,9.817,8.033,11.2,16.7,14,NA,NA,NA,NA,NA
"Estonia",2006,"97.287","103.39655","91.59198","93.41835","96.67283","90.38467",NA,5.85676240921021,12641.4800976473,6.276,6.469,6.113,5.915,6.9,19.5,13.4,0.809400022029877,0.876699984073639,0.917800009250641,0.769599974155426,0.844200015068054
"Estonia",2007,"100.44391","106.3994","94.8805","94.38656","97.99376","91.01685",22.93953,4.61990976333618,16745.4308011148,4.758,4.231,5.175,4.592,7.2,21.4,14.4,0.791400015354156,0.858799993991852,0.912899971008301,0.750800013542175,0.827899992465973
"Estonia",2008,"101.09447","106.77106","95.77245","94.08216","97.50616","90.87202",28.77094,5.48403978347778,18205.9064113446,5.7,5.825,5.6,5.455,8.3,19.8,14,0.797100007534027,0.852100014686584,0.884500026702881,0.771399974822998,0.825299978256226
"Estonia",2009,"103.54456","108.01053","99.34067","93.72338","96.12244","91.4651",32.12687,5.96005010604858,14712.4494217916,15.677,12.383,18.176,13.548,9.1,17.9,13.5,0.811100006103516,0.90149998664856,0.892599999904633,0.82260000705719,0.857299983501434
"Estonia",2010,"107.29955","109.06906","105.62796","92.67831","93.64876","91.76157",30.97741,5.51778984069824,14663.7041018705,19.058,18.761,19.292,16.707,7.6,14.4,11,0.792599976062775,0.894699990749359,0.907400012016296,0.79119998216629,0.848599970340729
"Estonia",2011,"109.69798","110.39751","109.03546","90.28474","91.18366","89.43339",26.74646,5.01449012756348,17555.5455239426,12.738,12.977,12.55,12.328,8.4,12.8,10.6,0.795899987220764,0.868399977684021,0.872399985790253,0.79449999332428,0.833599984645844
"Estonia",2012,"109.14672","109.94857","108.3871","88.20518","89.0942","87.36296",27.10011,4.71772003173828,17568.2137969714,10.506,10.455,10.546,10.021,7.3,13.3,10.3,0.766300022602081,0.873199999332428,0.882000029087067,0.776199996471405,0.830099999904633
"Estonia",2013,"108.69156","110.0112","107.4424","88.29487","90.29433","86.4022",23.20386,4.84388017654419,19310.3874900757,9.609,9.855,9.422,8.631,5.8,13.6,9.7,0.788500010967255,0.876999974250793,0.891200006008148,0.797399997711182,0.844600021839142
"Estonia",2014,"108.82353","110.42972","107.30438","91.80653","92.76728","90.89785",23.77379,4.39433002471924,20581.7898991695,8.104,8.381,7.894,7.352,7.9,16,12,0.746200025081635,0.91159999370575,0.901199996471405,0.778599977493286,0.838599979877472
"Estonia",2015,"114.58005","116.11352","113.13037","94.08354","94.9609","93.25412",22.25324,5.14418983459473,17722.1557669523,6.927,7.368,6.602,6.412,10.9,16.4,13.7,0.709999978542328,0.867500007152557,0.863300025463104,0.740299999713898,0.801199972629547
"Estonia",2016,"123.77004","125.42659","122.20385","96.02661","96.93699","95.16589",21.17125,5.15763998031616,18666.3736521706,7.797,7.472,8.043,6.882,7.5,15.5,11.4,0.750199973583221,0.903599977493286,0.886399984359741,0.79559999704361,0.845399975776672
"Estonia",2017,"131.1419","134.0225","128.39764","98.94087","99.18516","98.70815",NA,4.96131992340088,20851.5223496861,6.631,6.739,6.549,5.807,7.7,15.9,11.8,0.795899987220764,0.847599983215332,0.884599983692169,0.776600003242493,0.830299973487854
"Estonia",2018,"131.13946","134.53395","127.89217","98.79815","98.32124","99.25437",NA,5.23997020721436,23618.1361254581,5.682,6.037,5.422,5.412,7.8,16.1,12,0.777899980545044,0.841400027275085,0.872699975967407,0.769900023937225,0.819500029087067
"France",1999,"108.38754","108.80943","107.98463","90.96642","91.37409","90.57709",28.8291,NA,24576.3152254528,10.952,14.058,8.591,11.981,13.4,16,14.7,NA,NA,NA,NA,NA
"France",2000,"109.39426","109.79982","109.00416","90.78637","90.99805","90.58276",28.40943,5.60021924972534,22340.5939516217,9.098,11.887,6.968,10.218,11.9,14.8,13.3,NA,NA,NA,NA,NA
"France",2001,"108.19938","108.83945","107.58134","90.61803","90.67126","90.56663",NA,5.61780023574829,22331.7948343036,7.591,10.207,5.598,8.61,12,15,13.5,NA,NA,NA,NA,NA
"France",2002,"105.52661","106.36751","104.71522","90.83091","91.07201","90.59826",NA,5.78097534179688,24144.5727019529,7.731,9.829,6.143,8.702,11.9,14.9,13.4,NA,NA,NA,NA,NA
"France",2003,"104.9157","106.41999","103.46698","90.21842","90.62479","89.82705",29.88208,5.76206302642822,29479.5222101175,7.614,9.05,6.486,8.306,11.2,14.3,12.7,NA,NA,NA,NA,NA
"France",2004,"103.73944","105.03782","102.49361","89.64384","90.22829","89.08304",29.29764,5.54923391342163,33644.9282220364,8.151,9.979,6.694,8.914,10.5,14.2,12.3,NA,NA,NA,NA,NA
"France",2005,"107.69549","108.94712","106.49516","93.26627","93.83227","92.72348",27.22036,5.51722764968872,34696.3718316971,8.029,9.687,6.712,8.882,10.6,14.3,12.5,NA,NA,NA,NA,NA
"France",2006,"108.19067","109.1756","107.2473","93.13895","93.67468","92.62582",27.19799,5.47531032562256,36431.5658906555,8.083,9.71,6.785,8.832,10.8,14.6,12.7,0.808399975299835,0.815500020980835,0.840300023555756,0.788500010967255,0.81470000743866
"France",2007,"108.6","109.62677","107.62026","93.31838","94.04365","92.62633",26.61552,5.30452871322632,41486.1907828787,7.149,8.471,6.076,8.008,10.5,15.2,12.8,0.805000007152557,0.827300012111664,0.851300001144409,0.797999978065491,0.824699997901917
"France",2008,"108.81794","109.66158","108.01333","93.30324","93.90973","92.7248",27.04691,5.38727569580078,45464.8181385158,6.911,8.028,6.008,7.386,9.9,13.8,11.8,0.82669997215271,0.825699985027313,0.852400004863739,0.800100028514862,0.825800001621246
"France",2009,"109.66693","110.48019","108.88928","93.14829","93.82073","92.5053",28.70418,5.66921901702881,41728.0884164132,8.797,9.872,7.915,9.122,10.3,14.5,12.4,0.857200026512146,0.833400011062622,0.866100013256073,0.806900024414062,0.836499989032745
"France",2010,"111.11902","112.68196","109.62725","92.73551","93.40319","92.09824",28.38317,5.64279174804688,40694.8211697025,8.741,9.883,7.802,9.279,10.2,15.3,12.7,0.79720002412796,0.823300004005432,0.849500000476837,0.789699971675873,0.820200026035309
"France",2011,"111.71357","113.19943","110.29731","93.05499","93.79596","92.34873",27.17835,5.48011541366577,43929.7840873812,8.9,10.13,7.879,9.228,10.4,14.1,12.3,0.84689998626709,0.832599997520447,0.861999988555908,0.807399988174438,0.834299981594086
"France",2012,"110.72522","111.77445","109.72305","93.85723","94.32598","93.4095",26.82868,5.48835611343384,40863.5814412333,9.842,10.64,9.176,9.841,10,13.7,11.8,0.845000028610229,0.830900013446808,0.859200000762939,0.809599995613098,0.834500014781952
"France",2013,"108.32003","110.16293","106.56395","94.18028","94.61768","93.76349",26.72217,5.4928936958313,42669.1795111893,10.116,10.487,9.808,9.913,8.6,10.7,9.7,0.894200026988983,0.873300015926361,0.898299992084503,0.859799981117249,0.878499984741211
"France",2014,"107.50148","109.6988","105.41084","93.72783","94.29906","93.18434",26.78417,5.48920440673828,43148.0459288416,10.624,11.021,10.3,10.273,7.8,9.9,8.8,0.89029997587204,0.863300025463104,0.887499988079071,0.851400017738342,0.869700014591217
"France",2015,"106.96103","108.61674","105.38767","94.28584","95.01042","93.5973",26.46082,5.44642734527588,36702.4323733379,10.799,11.073,10.575,10.354,8.4,10,9.2,0.88510000705719,0.860400021076202,0.880900025367737,0.851700007915497,0.866599977016449
"France",2016,"106.36287","107.80758","104.98923","94.44494","95.08499","93.83638",26.28009,5.40805816650391,37024.2157133669,10.663,10.966,10.411,10.057,7.5,10.1,8.8,0.892000019550323,0.876900017261505,0.905700027942657,0.855400025844574,0.880500018596649
"France",2017,"107.18703","108.6684","105.78624","95.06626","95.90412","94.27397",NA,5.45160007476807,38687.1626407164,10.071,10.645,9.595,9.409,7.1,10.4,8.8,0.875100016593933,0.864499986171722,0.895699977874756,0.838599979877472,0.86710000038147
"France",2018,"107.76999","108.96448","106.63874","95.46092","96.08103","94.87363",NA,5.40716981887817,41418.1766484844,9.654,10.431,9.001,9.018,6.8,10.6,8.7,0.896799981594086,0.873199999332428,0.894500017166138,0.864799976348877,0.879199981689453
"Germany",1999,"100.50201","96.23252","104.59743",NA,NA,NA,NA,NA,26965.4922773722,8.645,9.012,8.34,8.854,15.6,14.2,14.9,NA,NA,NA,NA,NA
"Germany",2000,"101.68619","98.46654","104.77159",NA,NA,NA,NA,4.06815242767334,23925.8559901991,7.889,8.244,7.59,7.917,14.9,14.4,14.6,NA,NA,NA,NA,NA
"Germany",2001,"100.3913","97.41984","103.23592",NA,NA,NA,NA,4.14708137512207,23878.3641471651,8.042,7.912,8.152,7.773,12.6,12,12.3,NA,NA,NA,NA,NA
"Germany",2002,"99.90293","96.82166","102.85982","91.66946","91.00041","92.3115",NA,4.16305732727051,25486.5942008748,8.664,8.242,9.021,8.482,12.5,12.5,12.5,NA,NA,NA,NA,NA
"Germany",2003,"98.49858","95.06099","101.80104","90.6797","90.07949","91.25631",NA,4.17101860046387,30711.1022511331,10.02,9.341,10.606,9.779,12.8,12.9,12.8,NA,NA,NA,NA,NA
"Germany",2004,"97.97315","94.66437","101.14932","90.49625","89.72355","91.23799",NA,4.10064888000488,34566.7359143735,11.148,10.223,11.946,10.727,11.9,12.2,12.1,NA,NA,NA,NA,NA
"Germany",2005,"99.09111","95.9074","102.13985","92.30623","91.55127","93.02918",NA,4.10731077194214,35084.4363546269,11.172,10.678,11.602,11.193,13.7,13.3,13.5,NA,NA,NA,NA,NA
"Germany",2006,"102.91692","99.2665","106.40245","93.30908","92.88957","93.70963",20.29257,4.02527379989624,36980.3349948954,9.963,9.313,10.527,10.277,13.4,14,13.7,0.796000003814697,0.762700021266937,0.757700026035309,0.777199983596802,0.767700016498566
"Germany",2007,"102.92035","99.76476","105.93063","94.0161","93.8038","94.21863",21.09132,3.92246603965759,42350.9217211489,8.349,8.409,8.296,8.732,11.9,13.1,12.5,0.851999998092651,0.752799987792969,0.783599972724915,0.75110000371933,0.766700029373169
"Germany",2008,"106.94489","103.26176","110.45911","94.08061","93.87312","94.27858",21.07791,4.54924011230469,46386.3295924799,7.192,7.329,7.073,7.508,11.2,12.4,11.8,0.801500022411346,0.78329998254776,0.78710001707077,0.784099996089935,0.785600006580353
"Germany",2009,"103.84215","96.82546","110.53994","92.28573","92.49356","92.08734",23.85787,4.34005403518677,42487.2137101496,7.641,7.042,8.174,7.88,10.7,11.5,11.1,0.832899987697601,0.749300003051758,0.776899993419647,0.741699993610382,0.759500026702881
"Germany",2010,"107.49109","100.78923","113.8886","91.94564","92.25542","91.64992",23.88146,5.09588003158569,42409.9356994694,7.019,6.376,7.595,7.043,11,12.5,11.8,0.828599989414215,0.790600001811981,0.81989997625351,0.77020001411438,0.79559999704361
"Germany",2011,"109.75351","102.99927","116.19842","94.18398","94.49753","93.88479",22.84118,4.98425006866455,47646.582043143,5.984,5.836,6.119,5.967,10.7,12.5,11.6,0.831300020217896,0.798200011253357,0.815999984741211,0.788900017738342,0.80239999294281
"Germany",2012,"106.95603","100.16123","113.41204","89.41228","88.88479","89.91347",23.04534,4.92844009399414,44735.5882319701,5.215,4.979,5.426,5.372,9.9,11.1,10.5,0.812799990177155,0.767300009727478,0.791700005531311,0.760900020599365,0.776000022888184
"Germany",2013,"103.51681","97.62943","109.08836","88.7355","88.12245","89.31566",23.18698,4.93538999557495,47220.0102098851,5.148,4.8,5.461,5.316,9.3,10.2,9.8,0.804300010204315,0.786400020122528,0.804499983787537,0.77590000629425,0.789799988269806
"Germany",2014,"102.68871","97.00045","108.0523","89.09322","88.43799","89.71105",23.19245,4.92102003097534,48971.0824722599,4.664,4.267,5.041,4.979,8.9,10,9.5,0.817799985408783,0.787199974060059,0.80349999666214,0.782800018787384,0.792800009250641
"Germany",2015,"101.52296","95.96579","106.74539","88.62628","88.13204","89.09076",23.00137,4.85515022277832,41911.0109851054,4.231,3.748,4.688,4.612,9.8,10.4,10.1,0.818400025367737,0.780200004577637,0.804799973964691,0.771200001239777,0.787599980831146
"Germany",2016,"100.76054","95.30482","105.87135","87.87032","86.77605","88.89542",22.95939,4.83923006057739,42961.0356905775,3.656,3.266,4.025,4.104,9.5,11,10.3,0.826099991798401,0.791000008583069,0.811100006103516,0.785399973392487,0.797699987888336
"Germany",2017,"98.19791","92.6905","103.33028","88.50902","86.56898","90.31695",NA,4.87182998657227,45526.5999576533,3.301,2.888,3.692,3.781,9,11.1,10.1,0.810899972915649,0.79720002412796,0.816900014877319,0.784300029277802,0.799799978733063
"Germany",2018,"96.06027","90.03892","101.64212","86.12195","84.38135","87.7355",NA,4.97933006286621,48874.8595028454,2.856,2.443,3.247,3.384,9.1,11.5,10.3,0.813799977302551,0.783999979496002,0.816200017929077,0.76529997587204,0.789499998092651
"Greece",1999,"84.60309","88.74441","80.79123","74.85785","78.38352","71.61265",14.43964,3.02772998809814,12742.5404388143,15.996,23.849,10.258,12.138,15.4,22.1,18.6,NA,NA,NA,NA,NA
"Greece",2000,"81.96439","87.38222","76.98328","74.35553","78.3036","70.7257",19.2162,3.23019003868103,11638.2010697215,14.956,22.1,9.693,11.345,13.6,22.9,18.2,NA,NA,NA,NA,NA
"Greece",2001,"87.33699","92.03251","83.01743","75.59064","79.11806","72.34565",17.38923,3.36457991600037,12156.9572824221,13.71,20.196,8.979,10.764,13.1,20.8,16.9,NA,NA,NA,NA,NA
"Greece",2002,"96.80229","99.27362","94.51079","79.7248","81.87512","77.73095",16.83906,3.42430996894836,13782.195640943,13.495,20.384,8.542,10.346,12.3,20.1,16.2,NA,NA,NA,NA,NA
"Greece",2003,"93.28539","95.04552","91.6378","77.70746","79.72922","75.81498",19.13739,3.42933988571167,18020.612039764,12.792,19.097,8.197,9.839,11.7,19.4,15.6,NA,NA,NA,NA,NA
"Greece",2004,"96.46999","96.72089","96.2327","81.42041","82.71804","80.19315",19.42418,3.66719007492065,21449.2552764245,12.56,19.266,7.449,10.628,11.3,17.7,14.5,NA,NA,NA,NA,NA
"Greece",2005,"104.34885","101.95845","106.63245","92.74196","93.35741","92.15401",20.66077,3.96395993232727,22054.1315756886,11.99,18.437,7.168,10.074,9.5,17.1,13.3,NA,NA,NA,NA,NA
"Greece",2006,"103.4924","100.68964","106.19217","92.90167","92.36017","93.42327",NA,3.64772200584412,24416.0232970275,10.78,16.639,6.458,8.906,10.6,19.6,15.1,0.645799994468689,0.856500029563904,0.879400014877319,0.781199991703033,0.83050000667572
"Greece",2007,"96.23714","93.98749","98.38338","87.30293","87.61627","87.004",NA,3.59139657020569,28440.7625328955,9.731,14.966,5.896,8.351,10.3,18.2,14.3,0.610300004482269,0.87720000743866,0.892199993133545,0.80129998922348,0.846300005912781
"Greece",2008,NA,NA,NA,NA,NA,NA,NA,3.77288317680359,31695.8331092209,8.856,13.164,5.737,7.664,10.6,18,14.4,0.64740002155304,0.868399977684021,0.881500005722046,0.805000007152557,0.842400014400482
"Greece",2009,NA,NA,NA,NA,NA,NA,NA,4.1299352645874,29425.4573200263,11.019,15.584,7.612,9.546,10.5,17.9,14.2,0.795499980449677,0.880100011825562,0.888100028038025,0.802600026130676,0.844399988651276
"Greece",2010,"106.94293","106.18957","107.63587","96.20202","97.26604","95.22335",NA,4.14056491851807,26653.0488008626,14.607,19.586,10.858,12.719,10.6,16.4,13.5,0.782700002193451,0.895600020885468,0.898100018501282,0.813099980354309,0.856800019741058
"Greece",2011,"107.56212","107.6924","107.44283",NA,NA,NA,NA,4.51630020141602,25504.7866510124,20.424,25.738,16.419,17.973,10,15.9,12.9,0.776300013065338,0.898000001907349,0.888800024986267,0.823199987411499,0.856400012969971
"Greece",2012,"111.63872","111.09115","112.14714",NA,NA,NA,NA,4.58220291137695,21624.346052551,27.89,33.491,23.627,24.731,8.9,13.7,11.3,0.760699987411499,0.88400000333786,0.888999998569489,0.82669997215271,0.858200013637543
"Greece",2013,"112.62605","111.77026","113.43309","95.01412","95.39109","94.65861",NA,4.49511909484863,21573.3449762805,31.251,37.457,26.612,27.686,7.5,12.7,10.1,0.767000019550323,0.897199988365173,0.899500012397766,0.838299989700317,0.86870002746582
"Greece",2014,"107.43762","104.19067","110.54113","92.42696","92.49541","92.36153",NA,4.32135677337646,21474.7257123892,30.091,36.32,25.389,26.708,6.6,11.5,9,0.796899974346161,0.925000011920929,0.926999986171722,0.86599999666214,0.896700024604797
"Greece",2015,"104.34259","99.40648","109.10284","91.70964","90.81818","92.56933",23.52266,3.66139006614685,17980.7298238137,27.639,33.741,22.768,24.981,6.4,9.4,7.9,0.839200019836426,0.920700013637543,0.914699971675873,0.89819997549057,0.906199991703033
"Greece",2016,"104.68488","100.3756","108.85011","92.28371","91.27503","93.25867",23.02147,4.01561069488525,17919.2426377048,26.108,32.622,21.087,23.514,5.3,7.1,6.2,0.872399985790253,0.930199980735779,0.924399971961975,0.913600027561188,0.918900012969971
"Greece",2017,"106.85869","102.93748","110.64243","93.42602","92.13975","94.6672",NA,3.47708988189697,18631.9930129293,23.844,30.339,18.967,21.413,4.9,7.1,6,0.849500000476837,0.94760000705719,0.935800015926361,0.922699987888336,0.929199993610382
"Greece",2018,"108.37138","105.01654","111.59795","95.00646","93.78621","96.18004",NA,3.59734010696411,19873.4015238771,21.605,28.196,16.753,19.179,3.6,5.7,4.7,0.874000012874603,0.953199982643127,0.951399981975555,0.929700016975403,0.940299987792969
"Hungary",1999,"87.58392","89.83985","85.42743","80.82672","81.819","79.87818",18.61814,4.56704998016357,4793.47852203763,6.697,6.252,7.013,6.929,12.7,13.3,13,NA,NA,NA,NA,NA
"Hungary",2000,"92.12301","93.90258","90.42012","83.72284","84.30123","83.16938",20.04444,4.86840009689331,4624.28165670295,6.446,5.895,6.85,6.563,13.4,14.4,13.9,NA,NA,NA,NA,NA
"Hungary",2001,"97.02185","98.77137","95.3468","86.72439","87.31122","86.16253",19.46928,4.9310097694397,5276.03318905496,5.242,4.787,5.576,5.671,12.6,13.6,13.1,NA,NA,NA,NA,NA
"Hungary",2002,"100.18552","101.92712","98.51558","88.58305","88.88532","88.29322",20.45283,5.17923021316528,6655.33300865319,5.055,4.715,5.304,5.608,11.9,12.5,12.2,NA,NA,NA,NA,NA
"Hungary",2003,"103.58954","105.00036","102.23556","89.78422","90.12963","89.45273",26.08295,5.7923002243042,8419.43087098103,5.396,5.19,5.554,5.79,11.3,12.7,12,NA,NA,NA,NA,NA
"Hungary",2004,"92.17782","92.15046","92.20409","87.63209","86.95774","88.27952",23.05623,5.32762002944946,10301.7033946743,5.374,5.694,5.134,5.832,11.5,13.6,12.6,NA,NA,NA,NA,NA
"Hungary",2005,"93.10548","92.94468","93.25985","88.65656","88.52653","88.78139",22.6056,5.3200798034668,11223.3993032598,6.926,7.641,6.387,7.189,11.3,13.7,12.5,NA,NA,NA,NA,NA
"Hungary",2006,"94.1021","94.17035","94.0366","89.18916","89.29271","89.08981",22.7505,5.28974008560181,11489.5608654088,6.942,7.849,6.264,7.494,11.3,13.7,12.5,0.798799991607666,0.871500015258789,0.852100014686584,0.826399981975555,0.839100003242493
"Hungary",2007,"95.38395","95.66261","95.11721","90.96023","91.06471","90.86021",22.86989,5.13495016098022,13940.9092761999,6.689,7.451,6.123,7.406,10.2,12.5,11.4,0.832400023937225,0.875500023365021,0.868600010871887,0.84170001745224,0.855099976062775
"Hungary",2008,"95.87946","95.39079","96.3463","91.4643","91.40603","91.51995",22.40992,4.9676399230957,15772.3300839383,7.116,7.774,6.63,7.817,11,12.4,11.7,0.817399978637695,0.879100024700165,0.873099982738495,0.831200003623962,0.851700007915497
"Hungary",2009,"96.26864","96.4723","96.07431","90.33426","90.45917","90.21508",22.1381,4.94636011123657,13077.305465178,9.405,9.432,9.386,10.03,10.8,12.2,11.5,0.816900014877319,0.892700016498566,0.878000020980835,0.840699970722198,0.859000027179718
"Hungary",2010,"96.78348","96.7145","96.84923","90.16355","90.15981","90.16712",21.2401,4.72375011444092,13217.5045951108,10.557,10.611,10.516,11.172,10.1,11.5,10.8,0.821399986743927,0.891200006008148,0.871200025081635,0.84799998998642,0.859399974346161
"Hungary",2011,"96.5138","95.83083","97.16409","88.23895","88.23227","88.2453",20.45278,4.5631799697876,14234.471576937,10.661,10.968,10.431,11.029,10.6,12.3,11.4,0.816699981689453,0.873600006103516,0.855300009250641,0.839999973773956,0.847500026226044
"Hungary",2012,"97.65407","96.7881","98.47853","88.37008","88.28751","88.4487",18.50098,4.14249992370605,12984.8365730133,10.754,10.498,10.945,11.003,11.2,12.3,11.8,0.79009997844696,0.879000008106232,0.851899981498718,0.841400027275085,0.846499979496002
"Hungary",2013,"109.09658","110.43134","107.82711","89.42057","89.33208","89.50473",16.31046,4.18921995162964,13715.0703590361,10.001,10.364,9.735,10.177,11.4,12.5,11.9,0.792900025844574,0.896200001239777,0.867900013923645,0.849399983882904,0.858500003814697
"Hungary",2014,"108.49384","109.66646","107.38029","89.12149","89.29358","88.95807",23.07045,4.60187005996704,14294.2584180751,7.379,7.829,7.049,7.725,10.3,12.5,11.4,0.803099989891052,0.908100008964539,0.883400022983551,0.855099976062775,0.868900001049042
"Hungary",2015,"106.44363","107.55824","105.38676","87.69955","87.81524","87.58987",21.17405,4.49539995193481,12717.038597002,6.401,6.881,6.047,6.813,11.2,12,11.6,0.814499974250793,0.89139997959137,0.867500007152557,0.857100009918213,0.862100005149841
"Hungary",2016,"105.30765","105.84142","104.80225","87.75197","87.59313","87.90237",23.05651,4.61547994613647,13104.6995457458,4.76,5.116,4.501,5.115,11.8,12.9,12.4,0.785300016403198,0.882600009441376,0.850499987602234,0.839999973773956,0.845000028610229
"Hungary",2017,"107.82258","108.45376","107.22551","87.80425","88.20661","87.42364",NA,4.64757013320923,14621.2395956755,3.745,4.433,3.248,4.156,13,12,12.5,0.780799984931946,0.878000020980835,0.841899991035461,0.848399996757507,0.845300018787384
"Hungary",2018,"106.57806","106.62959","106.52935","87.91525","88.2084","87.63815",NA,4.62343978881836,16425.2050299693,3.346,3.802,3.02,3.708,12.3,12.6,12.4,0.789900004863739,0.890100002288818,0.85699999332428,0.857400000095367,0.857200026512146
"Italy",1999,"84.29078","85.53699","83.10238","79.62472","81.10048","78.21744",26.66567,4.51084995269775,22049.9990620261,11.804,15.804,8.659,11.681,24.2,30.3,27.2,NA,NA,NA,NA,NA
"Italy",2000,"85.2347","82.37765","87.95444","81.64829","80.19664","83.03017",25.61669,4.29107999801636,20190.0035636084,10.639,14.41,7.663,10.834,21.7,28.5,25.1,NA,NA,NA,NA,NA
"Italy",2001,"89.1988","89.82375","88.60533","82.30153","84.29601","80.40752",28.96487,4.65009021759033,20571.4787737914,9.207,12.024,6.971,9.599,22.2,29.6,25.9,NA,NA,NA,NA,NA
"Italy",2002,"91.56184","91.29864","91.81154","84.87203","85.83215","83.96114",25.89904,4.43240976333618,22463.5222129968,8.723,11.565,6.487,9.211,20.5,27.8,24.2,NA,NA,NA,NA,NA
"Italy",2003,"92.69105","92.9832","92.41424","85.69379","87.07842","84.38183",27.12478,4.54179000854492,27618.9417740066,8.13,10.617,6.205,8.869,19.6,26.5,23,NA,NA,NA,NA,NA
"Italy",2004,"93.66389","94.15055","93.20339","87.3001","89.13263","85.56609",25.90226,4.38520002365112,31425.8208728669,7.032,8.891,5.542,7.866,19.2,27,23.1,NA,NA,NA,NA,NA
"Italy",2005,"94.61689","95.00977","94.24542","88.25358","90.18432","86.42812",25.41326,4.23829984664917,32171.793374715,6.944,8.896,5.395,7.73,18.4,25.8,22.1,NA,NA,NA,NA,NA
"Italy",2006,"96.80594","97.09139","96.536","91.4709","93.21568","89.82096",26.91962,4.52545022964478,33684.7200358552,6.19,7.883,4.862,6.777,17,23.8,20.4,0.756500005722046,0.771099984645844,0.805299997329712,0.733699977397919,0.768800020217896
"Italy",2007,"98.57883","98.71327","98.45175","90.22973","91.76504","88.77854",23.82647,4.10503005981445,38031.9709472716,5.593,7.165,4.374,6.076,16.4,22.6,19.5,0.77539998292923,0.776600003242493,0.810800015926361,0.743099987506866,0.776400029659271
"Italy",2008,"99.40551","99.47919","99.33591","93.77859","94.71769","92.89143",25.24489,4.38794994354248,41095.4063415012,6.12,7.761,4.837,6.723,16.7,22.4,19.6,0.772899985313416,0.779500007629395,0.812099993228912,0.746800005435944,0.778500020503998
"Italy",2009,"98.49183","98.71511","98.28107","93.11248","94.07834","92.2008",25.25676,4.52371978759766,37388.4537139699,7.245,8.566,6.226,7.749,16.2,21.8,19.1,0.766600012779236,0.780799984931946,0.812200009822845,0.746500015258789,0.778699994087219
"Italy",2010,"99.87242","99.88995","99.85589","94.58217","95.27363","93.93046",23.94346,4.33411979675293,36184.7118698678,7.878,9.211,6.839,8.363,15.3,21.8,18.6,0.785600006580353,0.779299974441528,0.812699973583221,0.749599993228912,0.78030002117157
"Italy",2011,"100.06924","99.79467","100.32745","90.58521","91.50088","89.72408",22.57048,4.11568021774292,38851.3881339353,7.813,9.074,6.815,8.359,14.9,20.6,17.8,0.788800001144409,0.789699971675873,0.822099983692169,0.75789999961853,0.789600014686584
"Italy",2012,"98.10172","97.95714","98.23754","89.73884","90.61415","88.91659",22.53656,4.05601978302002,35235.7989058242,10.013,11.452,8.87,10.655,14.3,20.2,17.3,0.782100021839142,0.796199977397919,0.833100020885468,0.754199981689453,0.792699992656708
"Italy",2013,"98.38668","98.53742","98.24558","92.70228","93.3075","92.13575",22.90814,4.14367008209229,35747.707952689,11.421,12.879,10.272,12.149,13.6,20,16.8,0.796500027179718,0.797100007534027,0.837400019168854,0.758300006389618,0.796899974346161
"Italy",2014,"99.34996","99.50827","99.20257","93.15772","93.84608","92.51679",22.22138,4.06127977371216,35750.7197500382,11.914,13.404,10.743,12.683,12.2,17.7,15,0.803699970245361,0.813799977302551,0.840300023555756,0.783800005912781,0.811299979686737
"Italy",2015,"100.54781","100.87047","100.24911","94.21888","95.11786","93.38665",22.90489,4.07362985610962,30387.1293187854,11.388,12.605,10.453,11.896,11.8,17.5,14.7,0.80239999294281,0.81580001115799,0.842299997806549,0.783800005912781,0.8125
"Italy",2016,"100.42354","101.01052","99.88273","94.18757","95.59449","92.8913",NA,3.81578993797302,31126.3246947273,11.078,12.814,9.739,11.688,11.3,16.1,13.8,0.821099996566772,0.819400012493134,0.849500000476837,0.791999995708466,0.819800019264221
"Italy",2017,"99.8469","100.17083","99.54727","94.74914","95.22994","94.30438",NA,4.04493999481201,32554.14668453,10.466,12.283,9.088,11.211,11.2,16.6,14,0.83380001783371,0.829800009727478,0.864700019359589,0.798600018024445,0.830699980258942
"Italy",2018,"100.14897","100.08084","100.21228","94.55902","94.92483","94.21904",NA,4.25614023208618,34746.3441392416,10.115,11.703,8.92,10.61,12.1,16.3,14.3,0.827400028705597,0.825399994850159,0.857500016689301,0.79720002412796,0.825900018215179
"Lithuania",1999,"100.7256","103.30897","98.24069","79.67113","84.51662","75.01031",NA,NA,3127.51176667183,16.312,14.438,17.767,13.388,NA,NA,NA,NA,NA,NA,NA,NA
"Lithuania",2000,"97.60932","100.02424","95.27088","82.81217","86.59692","79.14727",NA,5.97302913665771,3300.63634928559,20.203,18.835,21.325,15.931,12.8,20,16.5,NA,NA,NA,NA,NA
"Lithuania",2001,"97.22923","101.26635","93.35397","91.0145","94.92872","87.25722",NA,5.84758996963501,3532.52787363242,19.434,17.825,20.879,16.84,11,19,14.9,NA,NA,NA,NA,NA
"Lithuania",2002,"99.42525","102.47073","96.48882","92.13701","95.04336","89.33472",NA,5.80007982254028,4148.13091485015,14.442,15.167,13.799,13.008,11.4,15.4,13.4,NA,NA,NA,NA,NA
"Lithuania",2003,"104.10989","105.54837","102.70181","93.98161","95.27611","92.71447",19.6426,5.11418008804321,5507.47434187652,13.739,15.208,12.317,12.874,9.1,13.6,11.4,NA,NA,NA,NA,NA
"Lithuania",2004,"95.76949","98.41566","93.22451","94.46694","96.61304","92.40291",20.67074,5.17428016662598,6734.57487061946,11.93,13.042,10.915,10.684,8.6,11.9,10.3,NA,NA,NA,NA,NA
"Lithuania",2005,"99.34972","101.94214","96.86197","96.7411","98.1918","95.34897",19.32105,4.87839984893799,7857.03148786492,9.468,10.591,8.471,8.325,5.7,11,8.4,NA,NA,NA,NA,NA
"Lithuania",2006,"106.84545","108.99243","104.7523","97.79848",NA,NA,19.49586,4.82572984695435,9210.10118229413,6.57,6.887,6.294,5.78,6,11.5,8.8,0.837100028991699,0.931599974632263,0.917200028896332,0.844799995422363,0.879400014877319
"Lithuania",2007,"108.95261","111.42669","106.55183","97.20333",NA,NA,18.97511,4.59521007537842,12295.1212779366,4.973,5.337,4.658,4.25,5.5,10.1,7.8,0.860899984836578,0.95550000667572,0.914099991321564,0.88919997215271,0.901600003242493
"Lithuania",2008,"108.70643","111.86271","105.6797","96.4025",NA,NA,21.28845,4.83990001678467,14955.5345462921,6.705,6.89,6.549,5.826,4.7,10.2,7.5,0.860499978065491,0.942099988460541,0.924399971961975,0.868099987506866,0.89630001783371
"Lithuania",2009,"106.37324","109.22784","103.65095","96.73217",NA,NA,25.74526,5.58523988723755,11854.3711053096,16.363,13.695,18.646,13.785,5.8,11.6,8.7,0.841000020503998,0.940599977970123,0.916499972343445,0.850000023841858,0.88239997625351
"Lithuania",2010,"107.53569","108.3191","106.78268","98.17221",NA,NA,21.47123,5.29786014556885,11829.122609457,21.773,19.075,24.009,17.814,6,9.8,7.9,0.820299983024597,0.969500005245209,0.914600014686584,0.856100022792816,0.884500026702881
"Lithuania",2011,"110.42309","109.69247","111.12535","97.95916","99.07786","96.88388",19.26853,5.11343002319336,14261.8433787325,19.008,17.852,19.949,15.39,4.6,10,7.4,0.821200013160706,0.947000026702881,0.908999979496002,0.850199997425079,0.879299998283386
"Lithuania",2012,"113.1024","110.51829","115.56625","96.39446","96.96621","95.84932",18.51143,4.75802993774414,14294.7178607152,16.418,15.789,16.923,13.365,4.6,8.1,6.5,0.870999991893768,0.945100009441376,0.938399970531464,0.883199989795685,0.910099983215332
"Lithuania",2013,"120.41834","117.14456","123.53699","96.33256","96.92978","95.76365",18.30123,4.60233020782471,15655.3513307327,14.344,13.571,14.954,11.77,4.7,7.8,6.3,0.9064000248909,0.933300018310547,0.943499982357025,0.900200009346008,0.921400010585785
"Lithuania",2014,"119.32603","116.61245","121.91301","96.43409","97.01864","95.87682",18.28679,4.48657989501953,16473.5678231709,13.46,12.099,14.561,10.698,4.6,7,5.9,0.912899971008301,0.932699978351593,0.931299984455109,0.916599988937378,0.923699975013733
"Lithuania",2015,"116.85382","113.95107","119.62776","96.49489","97.1706","95.84917",17.42974,4.2271900177002,14300.2553666736,11.67,11.163,12.078,9.12,4,6.9,5.5,0.87169998884201,0.948599994182587,0.938000023365021,0.887199997901917,0.913299977779388
"Lithuania",2016,"114.047","110.56606","117.31999","96.19526","96.867","95.56364",17.89823,4.004310131073,14981.6208126311,10.377,9.868,10.775,7.862,3.6,6,4.8,0.915199995040894,0.96780002117157,0.959699988365173,0.926599979400635,0.942799985408783
"Lithuania",2017,"114.88793","111.895","117.69226","96.83717","97.64619","96.07914",NA,3.81220006942749,16884.7100319318,9.314,8.272,10.13,7.073,3.8,7,5.4,0.887499988079071,0.944999992847443,0.941200017929077,0.90149998664856,0.921500027179718
"Lithuania",2018,"113.52711","110.38231","116.49465","97.01897","97.88742","96.19948",NA,3.89289999008179,19368.5391045353,7.994,7.913,8.058,6.147,3,6.1,4.6,0.925999999046326,0.959699988365173,0.967499971389771,0.92960000038147,0.947499990463257
"Poland",1999,"98.72061","98.53044","98.90215","88.15255","90.3178","86.08558",NA,4.59181976318359,4415.50067547826,12.683,14.283,11.361,12.29,NA,NA,NA,NA,NA,NA,NA,NA
"Poland",2000,"100.68164","99.97361","101.35701","86.73671","89.61897","83.98743",NA,4.9839301109314,4520.64100449111,15.75,18.464,13.552,14.928,NA,NA,NA,NA,NA,NA,NA,NA
"Poland",2001,"103.59159","102.43088","104.69818","91.03837","92.83206","89.32832",NA,5.31902980804443,5015.23790036613,19.651,22.135,17.63,18.435,5.9,9,7.4,NA,NA,NA,NA,NA
"Poland",2002,"109.96951","107.68274","112.15037","91.09594","93.05902","89.22378",19.81825,5.38735008239746,5223.45178967082,21.506,23.396,19.987,20.211,5.6,8.9,7.2,NA,NA,NA,NA,NA
"Poland",2003,"112.07016","109.23444","114.77521","91.39027","92.94056","89.91142",19.68689,5.32449007034302,5720.81366178104,21.36,23.29,19.828,19.899,4.4,7.6,6,NA,NA,NA,NA,NA
"Poland",2004,"96.19416","98.33323","94.15368","87.47554","89.80114","85.25714",21.37206,5.35557985305786,6711.72715262967,20.262,22.269,18.694,18.822,3.9,7.3,5.6,NA,NA,NA,NA,NA
"Poland",2005,"99.59094","100.02481","99.1773","90.99896","91.65725","90.37135",22.0079,5.42574977874756,8043.92332253757,18.945,21.639,16.89,17.592,3.7,6.8,5.3,NA,NA,NA,NA,NA
"Poland",2006,"98.59977","98.25111","98.93187","91.34537","92.00581","90.71631",22.87955,5.20765018463135,9068.85528307627,14.844,16.936,13.267,13.794,3.9,6.9,5.4,0.920899987220764,0.947200000286102,0.956200003623962,0.915199995040894,0.935500025749207
"Poland",2007,"98.87337","98.7667","98.9749","91.81928","92.59985","91.07628",21.77817,4.86874008178711,11272.5293683383,10.235,11.571,9.238,9.551,3.8,6.2,5,0.908900022506714,0.94870001077652,0.945999979972839,0.916299998760223,0.931299984455109
"Poland",2008,"98.53538","98.81435","98.26996","91.73397","92.70626","90.8089",22.70049,5.04239988327026,14048.5604672654,7.488,8.928,6.425,7.069,3.9,6.1,5,0.918200016021729,0.935000002384186,0.941100001335144,0.913399994373322,0.927500009536743
"Poland",2009,"97.42998","97.87313","97.00854","91.04195","92.25124","89.89193",23.74239,4.98976993560791,11556.3026866026,8.673,9.683,7.941,8.131,3.9,6.6,5.3,0.905399978160858,0.938700020313263,0.942300021648407,0.905600011348724,0.923600018024445
"Poland",2010,"96.40827","96.75204","96.08159","89.33749","90.35165","88.37376",24.09019,5.10705995559692,12567.7317676382,10.435,11.51,9.674,9.578,3.5,7.2,5.4,0.903599977493286,0.939100027084351,0.947300016880035,0.900200009346008,0.923200011253357
"Poland",2011,"96.01844","96.41424","95.64275","88.50898","89.70495","87.3738",23.31435,4.8610200881958,13867.6669408192,10.369,11.954,9.267,9.576,3.7,7.4,5.6,0.894400000572205,0.928799986839294,0.940199971199036,0.888499975204468,0.913699984550476
"Poland",2012,"95.78412","96.05954","95.52219","87.93999","89.04758","86.88664",22.38784,4.86159992218018,13087.420943321,10.916,12.708,9.674,10.031,3.5,7.8,5.7,0.897300004959106,0.921700000762939,0.944000005722046,0.880100011825562,0.911300003528595
"Poland",2013,"114.91352","112.98249","116.75332","90.50284","91.12176","89.91316",22.88532,5.021240234375,13621.9023794031,11.361,13.113,10.164,10.293,3.2,7.9,5.6,0.904299974441528,0.921800017356873,0.950399994850159,0.879999995231628,0.914099991321564
"Poland",2014,"113.4435","111.24662","115.53978","90.74803","91.06817","90.44255",22.73332,4.9665699005127,14262.2841914116,10.066,11.618,9.02,8.971,3.3,7.3,5.4,0.912299990653992,0.92629998922348,0.950800001621246,0.890999972820282,0.920000016689301
"Poland",2015,"114.41209","112.12725","116.59583","92.97275","93.35357","92.60877",22.34623,4.81700992584229,12637.5220324406,7.394,8.102,6.743,7.475,3.2,7.2,5.3,0.91839998960495,0.934599995613098,0.950100004673004,0.905900001525879,0.927200019359589
"Poland",2016,"114.55096","112.3703","116.63824","93.70571","93.91604","93.5044",22.56102,4.6591100692749,12464.0110508476,5.929,6.538,5.372,6.141,3.9,6.4,5.2,0.919399976730347,0.928699970245361,0.940999984741211,0.908200025558472,0.924300014972687
"Poland",2017,"115.76754","113.20781","118.22459","94.85757","94.91077","94.8065",NA,4.57464981079102,13913.3402919927,4.714,5.371,4.121,4.867,3.9,6,5,0.922500014305115,0.925999999046326,0.938799977302551,0.910600006580353,0.924300014972687
"Poland",2018,"116.97133","114.2514","119.58969","96.39751","96.44487","96.35192",NA,4.60506010055542,15658.2120316794,3.784,4.49,3.169,3.835,3.7,5.8,4.8,0.923200011253357,0.930800020694733,0.94870001077652,0.907700002193451,0.927200019359589
"Portugal",1999,"94.25479","101.03053","87.73813","80.8956","86.7689","75.24687",26.39854,5.0468602180481,12475.2917701476,5.988,7.278,4.784,4.579,38.9,50.8,44.9,NA,NA,NA,NA,NA
"Portugal",2000,"96.60148","101.96452","91.45061","85.8871","91.18347","80.80026",27.45393,5.16384983062744,11526.3720667968,4.751,6.591,2.904,3.806,36.5,50.9,43.7,NA,NA,NA,NA,NA
"Portugal",2001,"98.16997","103.7596","92.80883","80.06312","81.8807","78.31983",28.86026,5.33713006973267,11734.7649743954,4.387,5.351,3.462,3.829,37,51.6,44.3,NA,NA,NA,NA,NA
"Portugal",2002,"100.59867","105.23223","96.16079","78.81887","80.1852","77.51024",28.96929,5.25871992111206,12936.6928204482,5.306,6.053,4.583,4.497,37.3,52.7,45,NA,NA,NA,NA,NA
"Portugal",2003,"98.43222","106.36351","90.84602","78.55837","82.29482","74.98449",29.5211,5.28152990341187,15797.7821340276,6.669,7.965,5.341,6.132,33.6,48.7,41.2,NA,NA,NA,NA,NA
"Portugal",2004,"83.48493","90.83559","76.46032",NA,NA,NA,32.70983,5.04638004302979,18064.1580932987,6.378,7.181,5.582,6.319,30.9,47.6,39.3,NA,NA,NA,NA,NA
"Portugal",2005,"86.97307","94.75011","79.54027","81.26724","84.98853","77.71067",32.41884,5.07394981384277,18780.12751241,7.974,9.257,6.674,7.582,30.2,46.2,38.3,NA,NA,NA,NA,NA
"Portugal",2006,"82.12587","89.87428","74.71028","82.2939","85.24238","79.47205",31.53999,4.90767002105713,19839.4540499032,8.403,9.162,7.619,7.649,30.7,46.1,38.5,0.48769998550415,0.482699990272522,0.572499990463257,0.393099993467331,0.483900010585785
"Portugal",2007,"86.50157","93.83273","79.4868",NA,NA,NA,30.14913,4.92147016525269,22811.0564844365,8.11,9.304,6.889,7.965,30,42.8,36.5,0.512799978256226,0.523599982261658,0.588599979877472,0.453500002622604,0.521200001239777
"Portugal",2008,"89.53137","96.82735","82.55823",NA,NA,NA,30.21151,4.69609022140503,24949.0413566739,7.757,9.246,6.288,7.553,28.2,41.4,34.9,0.536300003528595,0.535899996757507,0.625999987125397,0.44650000333786,0.53600001335144
"Portugal",2009,"97.50387","103.45434","91.8272",NA,NA,NA,37.1795,5.56314992904663,23151.2154130712,9.635,11.244,8.009,9.432,25.8,35.8,30.9,0.554700016975403,0.546000003814697,0.593299984931946,0.503400027751923,0.547800004482269
"Portugal",2010,"100.77442","105.18492","96.57386",NA,NA,NA,34.8872,5.41248989105225,22551.935098809,11.364,13.344,9.321,10.771,24,32.4,28.3,0.55460000038147,0.6007000207901,0.626699984073639,0.5557000041008,0.590499997138977
"Portugal",2011,"101.05921","104.6361","97.65348",NA,NA,NA,32.56221,5.12333011627197,23246.5425416481,13.398,14.5,12.233,12.682,17.6,28,22.8,0.664200007915497,0.638000011444092,0.710200011730194,0.577499985694885,0.644900023937225
"Portugal",2012,"103.10681","105.18719","101.09812",NA,NA,NA,27.56725,4.94940996170044,20593.4274224109,17.636,18.785,16.372,15.531,14.1,26.7,20.5,0.685599982738495,0.67739999294281,0.767799973487854,0.593200027942657,0.679499983787537
"Portugal",2013,"118.76639","119.26864","118.27548","97.08693","96.36131","97.79617",30.61593,5.2709698677063,21676.4859642714,17.393,19.118,15.555,16.188,14.3,23.1,18.7,0.700500011444092,0.692799985408783,0.773599982261658,0.61760002374649,0.694700002670288
"Portugal",2014,"115.55861","115.01761","116.09204","98.72544",NA,NA,29.07866,5.12400007247925,22120.6850127107,15.267,16.808,13.688,13.897,14.1,20.5,17.3,0.708000004291534,0.711899995803833,0.770399987697601,0.651799976825714,0.710900008678436
"Portugal",2015,"118.90992","117.70894","120.09833","98.67213",NA,NA,27.69333,4.88554000854492,19215.7813014347,13.941,15.508,12.391,12.447,11,16,13.5,0.731199979782104,0.77130001783371,0.82260000705719,0.700600028038025,0.761099994182587
"Portugal",2016,"119.31896","118.02804","120.59288","98.4505",NA,NA,NA,4.7709059715271,19980.2808866516,12.25,13.441,11.09,11.068,10.6,17.2,13.9,0.759400010108948,0.772700011730194,0.817300021648407,0.723399996757507,0.769500017166138
"Portugal",2017,"122.95321","122.17346","123.71671","98.72714",NA,NA,NA,5.0156102180481,21442.3842768879,9.916,10.537,9.302,8.869,9.8,15.2,12.6,0.74889999628067,0.785600006580353,0.817600011825562,0.73580002784729,0.776799976825714
"Portugal",2018,"124.54389","125.29367","123.81701","99.20935",NA,NA,NA,4.67515993118286,23541.1401075289,8.234,8.636,7.839,6.994,8.7,14.4,11.6,0.775600016117096,0.814400017261505,0.843299984931946,0.768700003623962,0.80510002374649
"Romania",1999,"67.9202","69.52328","66.39385",NA,NA,NA,NA,NA,1599.90622808339,8.459,8.316,8.568,6.239,20,23,21.5,NA,NA,NA,NA,NA
"Romania",2000,"67.94984","69.64922","66.33249",NA,NA,NA,NA,2.86862993240356,1659.92904910528,9.426,9.496,9.372,6.969,22,23.8,22.9,NA,NA,NA,NA,NA
"Romania",2001,"69.19768","70.8469","67.6289",NA,NA,NA,NA,3.26628994941711,1825.19299373184,8.572,8.888,8.334,6.561,21.4,22.1,21.7,NA,NA,NA,NA,NA
"Romania",2002,"71.63814","73.69784","69.67732",NA,NA,NA,NA,3.5041298866272,2119.85509684554,9.977,10.478,9.603,8.112,22.1,23.9,23,NA,NA,NA,NA,NA
"Romania",2003,"73.24993","75.31027","71.28758",NA,NA,NA,13.8321,3.54397010803223,2679.40626016154,8.174,8.349,8.047,6.95,21.5,23.6,22.5,NA,NA,NA,NA,NA
"Romania",2004,"73.17146","75.02095","71.40995",NA,NA,NA,14.68813,3.31273007392883,3494.99056448955,8.322,7.254,9.117,7.719,21.1,23.7,22.4,NA,NA,NA,NA,NA
"Romania",2005,"74.45232","76.35711","72.63874",NA,NA,NA,15.81047,3.50039005279541,4618.00350802913,8.049,7.683,8.316,7.174,19.1,20.1,19.6,NA,NA,NA,NA,NA
"Romania",2006,"75.46761","76.84054","74.16087",NA,NA,NA,8.85216,4.30650997161865,5757.53127301178,7.87,7.102,8.44,7.27,18,17.8,17.9,NA,NA,0.785199999809265,0.78329998254776,0.784300029277802
"Romania",2007,"79.63848","80.13007","79.17168",NA,NA,NA,15.6459,4.14953994750977,8360.33775916596,6.891,6.272,7.344,6.413,17.4,17.1,17.3,NA,NA,0.792200028896332,0.785000026226044,0.788500010967255
"Romania",2008,"86.19056","86.26005","86.12468",NA,NA,NA,15.58671,4.0971999168396,10435.1561230787,5.966,5.475,6.318,5.787,16,15.9,15.9,NA,NA,0.800000011920929,0.788299977779388,0.794099986553192
"Romania",2009,"91.83412","92.01007","91.66746",NA,NA,NA,15.63875,4.00213003158569,8548.4543409242,7.239,6.79,7.554,6.859,17.2,16.1,16.6,0.69870001077652,0.920499980449677,0.790000021457672,0.788999974727631,0.789499998092651
"Romania",2010,"97.38781","97.05256","97.7052",NA,NA,NA,13.88837,3.41717004776001,8399.5374234284,7.985,7.713,8.17,6.959,19,19.5,19.3,0.690500020980835,0.929799973964691,0.797699987888336,0.794000029563904,0.795799970626831
"Romania",2011,"99.0608","98.3089","99.77225",NA,NA,NA,11.84421,2.91375994682312,9560.6755277458,7.872,7.869,7.874,7.177,17.2,19.1,18.1,0.721199989318848,0.932299971580505,0.818499982357025,0.801500022411346,0.809800028800964
"Romania",2012,"100.52973","100.43595","100.61822",NA,NA,NA,12.52425,2.82322001457214,8929.95366231474,7.333,7.304,7.352,6.794,16.9,18.5,17.8,0.65420001745224,0.902599990367889,0.818599998950958,0.797100007534027,0.807500004768372
"Romania",2013,"96.6177","96.5035","96.72519",NA,NA,NA,13.97064,3.06800007820129,9497.67411615237,7.752,7.467,7.942,7.096,15.9,18.7,17.3,0.674399971961975,0.899600028991699,0.823400020599365,0.80239999294281,0.812399983406067
"Romania",2014,"91.8991","92.41818","91.41135","81.1272","81.79802","80.49686",16.27173,3.12508010864258,10031.7710755404,7.17,7.072,7.237,6.802,16.7,19.5,18.1,0.673600018024445,0.901400029659271,0.825299978256226,0.795400023460388,0.809300005435944
"Romania",2015,"89.99999","90.98103","89.07836","80.17561","81.14587","79.26411",16.19413,3.10695004463196,8977.01748158196,7.223,6.394,7.778,6.812,18.5,19.5,19.1,0.715699970722198,0.870400011539459,0.805999994277954,0.799300014972687,0.802500009536743
"Romania",2016,"87.14738","87.94246","86.39969","78.78728","79.85","77.7879",15.1606,3.02559995651245,9404.54005870715,6.222,5.365,6.802,5.901,18.7,18.4,18.5,0.73470002412796,0.884199976921082,0.802100002765656,0.826600015163422,0.81470000743866
"Romania",2017,"88.22773","89.40353","87.12088","79.33394","80.76238","77.98926",NA,3.11820006370544,10727.9822007426,5.147,4.615,5.515,4.927,18.1,18,18.1,0.713699996471405,0.887399971485138,0.807200014591217,0.811699986457825,0.809599995613098
"Romania",2018,"89.48321","90.77426","88.26634","80.14189","81.36433","78.98969",NA,3.31918001174927,12502.2624061935,4.34,4.027,4.554,4.187,16.1,16.7,16.4,0.744599997997284,0.902400016784668,0.836300015449524,0.833700001239777,0.834999978542328
"Serbia",1999,"83.11955","85.05875","81.26378",NA,NA,NA,NA,NA,2768.91041346166,NA,NA,NA,13.7,NA,NA,NA,NA,NA,NA,NA,NA
"Serbia",2000,"81.89132","84.25008","79.62639",NA,NA,NA,NA,NA,974.725469278615,NA,NA,NA,12.6,NA,NA,NA,NA,NA,NA,NA,NA
"Serbia",2001,"80.25554","82.25811","78.33616",NA,NA,NA,NA,NA,1812.42088281393,NA,NA,NA,12.8,NA,NA,NA,NA,NA,NA,NA,NA
"Serbia",2002,"79.07927","82.05683","76.22455",NA,NA,NA,NA,NA,2390.73459447107,NA,NA,NA,13.8,NA,NA,NA,NA,NA,NA,NA,NA
"Serbia",2003,"79.26047","82.32638","76.32798",NA,NA,NA,NA,NA,3153.9011312754,NA,NA,NA,15.2,NA,NA,NA,NA,NA,NA,NA,NA
"Serbia",2004,"79.04399","82.03037","76.20733",NA,NA,NA,NA,NA,3597.08798057009,NA,NA,NA,18.5,NA,NA,NA,NA,NA,NA,NA,NA
"Serbia",2005,"79.74756","82.70307","76.93634",NA,NA,NA,NA,NA,3807.97417321786,NA,NA,NA,20.85,NA,NA,NA,0.494800001382828,0.771799981594086,0.698499977588654,0.582899987697601,0.643400013446808
"Serbia",2006,"80.58158","83.86421","77.46321",NA,NA,NA,NA,NA,4492.7136699046,NA,NA,NA,20.85,NA,NA,NA,NA,NA,NA,NA,NA
"Serbia",2007,"81.56205","84.24524","79.00479",NA,NA,NA,12.24961,4.20983982086182,6081.08765700202,13.751,15.845,11.864,18.06,NA,NA,NA,NA,NA,NA,NA,NA
"Serbia",2008,"83.21484","85.62035","80.91062","83.2056","85.56664","80.94398",12.73452,4.28094434738159,7376.73517910716,16.097,19.489,13.089,13.67,NA,NA,NA,NA,NA,NA,NA,NA
"Serbia",2009,"84.21906","86.65401","81.89581","84.09659","86.58038","81.72674",12.82325,4.48398017883301,6414.0448463847,17.497,19.321,15.878,16.116,NA,NA,NA,NA,NA,NA,NA,NA
"Serbia",2010,"84.95306","86.94771","83.05306","85.03658","86.87364","83.28669",12.42232,3.90093231201172,5970.92660940072,20.393,22.003,19.038,19.204,7.3,9.2,8.3,0.50789999961853,0.794099986553192,0.717199981212616,0.657700002193451,0.686600029468536
"Serbia",2011,"87.27471","89.25928","85.40545","88.64771","90.23141","87.15604",12.3174,4.2383599281311,7082.2861666075,23.878,25.451,22.527,22.959,7.2,9.6,8.5,0.50789999961853,0.794099986553192,0.717199981212616,0.657700002193451,0.686600029468536
"Serbia",2012,"87.98182","90.39774","85.71489","88.97171","91.28601","86.80012",NA,3.84768438339233,6263.04086072815,25.496,26.461,24.695,24,7.4,8.7,8.1,NA,NA,NA,NA,NA
"Serbia",2013,"89.83997","92.24539","87.57855","88.89903","91.17565","86.7587",NA,NA,7040.41812068781,23.371,26.076,21.088,22.154,9.7,8.2,8.9,NA,NA,NA,NA,NA
"Serbia",2014,"89.84195","91.86145","87.93949","87.59853","89.3733","85.92661",NA,NA,6886.67809068704,21.19,22.936,20.046,19.223,8.4,8.3,8.4,0.688099980354309,0.803699970245361,0.82039999961853,0.699400007724762,0.758400022983551
"Serbia",2015,"91.38154","93.13641","89.72891","89.33319","90.83996","87.91422",11.11718,NA,5820.3215576888,19.419,21.666,17.94,17.66,7.2,7.7,7.5,NA,NA,NA,NA,NA
"Serbia",2016,"91.74973","93.22755","90.35387","89.05977","90.42243","87.77269",NA,3.63470005989075,5982.37030126471,16.687,18.663,15.395,15.257,6.7,7.3,7,NA,NA,NA,NA,NA
"Serbia",2017,"90.52532","91.7578","89.36136","88.87248","90.12845","87.68632",NA,3.71016001701355,6548.03653824187,14.736,15.977,13.908,13.477,6.1,6.3,6.2,NA,NA,NA,NA,NA
"Serbia",2018,"89.59797","90.96383","88.30854","88.18909","89.52349","86.92936",NA,3.58231997489929,7559.86165747394,13.709,15.147,12.756,12.733,6.8,6.8,6.8,NA,NA,NA,NA,NA
"Slovenia",1999,"101.15032","104.13537","98.31953","87.84948","90.71184","85.13504",NA,NA,11401.4906790909,7.531,8.17,7.062,7.33,NA,NA,NA,NA,NA,NA,NA,NA
"Slovenia",2000,"103.41683","105.94201","101.00621","89.248","90.8434","87.72497",NA,6.13048267364502,10135.7219109212,6.947,7.408,6.607,6.92,NA,NA,NA,NA,NA,NA,NA,NA
"Slovenia",2001,"113.18373","115.9416","110.53807","89.97783","92.22879","87.81846",25.1071,5.7568302154541,10375.6255869861,5.503,6.263,4.961,5.682,4.8,8.1,6.4,NA,NA,NA,NA,NA
"Slovenia",2002,"114.41456","115.42157","113.44723","90.2786","91.42534","89.17706",24.05205,5.67286014556885,11639.1297780477,6.015,6.627,5.574,5.922,3.2,6.8,5.1,NA,NA,NA,NA,NA
"Slovenia",2003,"117.60121","117.67443","117.53095","91.63905","92.39998","90.90892",24.32286,5.70333003997803,14711.674874253,6.225,7.576,5.245,6.479,2.4,6.6,4.6,NA,NA,NA,NA,NA
"Slovenia",2004,"97.80634","98.17452","97.45386","91.00216","92.0273","90.02072",NA,5.64425992965698,17103.8297783905,6.079,7.26,5.217,6.012,2.5,6,4.3,NA,NA,NA,NA,NA
"Slovenia",2005,"98.94573","98.94622","98.94525","91.66856","92.6741","90.70819",NA,5.60408020019531,17969.7095907161,6.855,8.196,5.87,6.506,3.2,6.5,4.9,NA,NA,NA,NA,NA
"Slovenia",2006,"100.03368","100.10673","99.96413","92.42845","93.49364","91.41428",NA,5.59066009521484,19563.005059144,6.515,8.844,4.815,5.95,4,7.1,5.6,0.9064000248909,0.895500004291534,0.932099997997284,0.874100029468536,0.900499999523163
"Slovenia",2007,"99.86901","99.46546","100.25081","92.30428","93.38563","91.2812",NA,5.11661005020142,23725.1596001515,4.952,6.806,3.653,4.818,2.2,5.8,4.1,0.907999992370605,0.92330002784729,0.941999971866608,0.896600008010864,0.916700005531311
"Slovenia",2008,"99.11448","98.96046","99.25967","91.11175","92.39866","89.89858",NA,5.10951995849609,27461.9764165315,4.353,5.117,3.818,4.371,2.6,7.2,5.1,0.925700008869171,0.924499988555908,0.960200011730194,0.896700024604797,0.925000011920929
"Slovenia",2009,"99.11711","99.05434","99.17625","91.82352","93.0905","90.6299",NA,5.55496978759766,24501.7897290425,6.307,6.762,5.99,5.858,3.2,7.2,5.3,0.932399988174438,0.887499988079071,0.938700020313263,0.879999995231628,0.9064000248909
"Slovenia",2010,"100.39831","99.78187","100.97993","93.55964","94.57899","92.59788",30.54208,5.54546022415161,23329.8417691156,7.504,7.897,7.228,7.236,3.3,6.4,5,0.92220002412796,0.900099992752075,0.949000000953674,0.877900004386902,0.909600019454956
"Slovenia",2011,"100.76609","99.9076","101.57821","94.30921","95.32866","93.34483",30.79892,5.541259765625,24940.6284841605,8.648,9.516,8.052,8.166,2.5,5.7,4.2,0.904799997806549,0.902499973773956,0.943899989128113,0.870800018310547,0.903599977493286
"Slovenia",2012,"100.20211","99.60759","100.764","95.19258","96.22498","94.21684",29.50126,5.62023019790649,22442.1417859955,9.08,10.048,8.417,8.841,3.2,5.4,4.4,0.924799978733063,0.907500028610229,0.941200017929077,0.896200001239777,0.915899991989136
"Slovenia",2013,"119.56698","120.03342","119.12807","96.21492","97.24189","95.24855",25.82525,5.4057297706604,23236.9655321695,10.709,12.246,9.659,10.103,2.6,5,3.9,0.930800020694733,0.908100008964539,0.951799988746643,0.892199993133545,0.919099986553192
"Slovenia",2014,"117.82806","118.35654","117.33394","94.80719","95.62927","94.03855",25.09888,5.29169988632202,24013.0682060959,10.392,11.884,9.404,9.668,2.7,6,4.4,0.918900012969971,0.898999989032745,0.937099993228912,0.88400000333786,0.909200012683868
"Slovenia",2015,"116.63969","117.67726","115.67537","96.69759","97.5691","95.88759",23.9989,4.90953016281128,20697.2748530619,9.905,12.17,8.422,8.962,3.4,6.4,5,0.911199986934662,0.905399978160858,0.929400026798248,0.886500000953674,0.908200025558472
"Slovenia",2016,"127.27989","130.14969","124.62337","95.89907","96.90893","94.96427",23.0407,4.79266977310181,21447.8377796036,8.051,9.224,7.288,8,3.1,6.7,4.9,0.945699989795685,0.898899972438812,0.955399990081787,0.883400022983551,0.919600009918213
"Slovenia",2017,"126.93821","129.41491","124.64093","96.16347","96.76821","95.60253",NA,4.78053998947144,23303.077705959,6.692,8.418,5.559,6.564,2.5,5.8,4.3,0.943099975585938,0.888400018215179,0.939199984073639,0.887199997901917,0.911199986934662
"Slovenia",2018,"126.62412","129.1242","124.29429","98.15129","98.56352","97.76714",NA,4.93455982208252,25888.0481065655,5.482,6.303,4.93,5.108,3,5.3,4.2,0.93010002374649,0.9132000207901,0.943899989128113,0.899999976158142,0.92059999704361
"Spain",1999,"125.13889","135.66663","115.15868","78.73422","80.09368","77.44547",24.05752,4.2604398727417,15707.9473068138,16.739,24.515,10.825,15.475,23.6,35.3,29.5,NA,NA,NA,NA,NA
"Spain",2000,"112.24609","122.50436","102.54785","81.20977","83.96867","78.60148",22.833,4.16604995727539,14743.2671031455,13.796,20.77,8.456,13.785,23.2,35,29.1,NA,NA,NA,NA,NA
"Spain",2001,"116.00729","125.68132","106.88889","82.85084","85.85118","80.02282",22.10772,4.1112699508667,15368.2337984435,10.495,15.469,6.849,10.348,23.1,36,29.7,NA,NA,NA,NA,NA
"Spain",2002,"114.81434","125.3911","104.83947","82.93473","86.39601","79.67042",22.83037,4.13457012176514,17111.0685058941,11.392,16.981,7.034,11.146,24.3,37.2,30.9,NA,NA,NA,NA,NA
"Spain",2003,"110.95255","119.54402","102.84917","83.00184","86.45715","79.74283",23.18286,4.1734299659729,21522.0170990262,11.701,16.064,8.258,11.283,24.8,38.4,31.7,NA,NA,NA,NA,NA
"Spain",2004,"113.11601","122.2629","104.4941","84.42731","88.0836","80.98086",23.213,4.15785980224609,24925.0267844576,10.969,15.017,7.726,11.09,25,39,32.2,NA,NA,NA,NA,NA
"Spain",2005,"121.79135","132.09723","112.08657","86.97217","89.79386","84.31506",22.88599,4.14432001113892,26450.9530130382,8.704,11.592,6.402,9.146,24.7,37,31,NA,NA,NA,NA,NA
"Spain",2006,"122.81481","133.22312","113.01578","87.21049","90.40922","84.19901",23.46748,4.1848201751709,28421.686527407,8.329,11.413,5.784,8.452,23.6,36.7,30.3,0.558000028133392,0.630500018596649,0.680999994277954,0.543600022792816,0.61269998550415
"Spain",2007,"122.56653","133.39871","112.35646","87.08965","90.16562","84.19035",23.70022,4.25404977798462,32652.015594702,7.999,10.546,6.017,8.232,24.7,36.6,30.8,0.56879997253418,0.651000022888184,0.700100004673004,0.565400004386902,0.630999982357025
"Spain",2008,"121.37703","130.85312","112.44737","86.60961","89.36242","84.01555",25.37782,4.52805995941162,35603.248328071,10.895,13.227,8.936,11.254,25.1,38,31.7,0.587700009346008,0.611000001430511,0.68639999628067,0.523599982261658,0.605199992656708
"Spain",2009,"120.55409","128.04036","113.51594","87.24004","89.85188","84.78454",27.61234,4.91200017929077,32279.8208476151,17.252,18.621,16.042,17.857,24.1,37.4,30.9,0.544600009918213,0.582400023937225,0.646000027656555,0.499900013208389,0.572200000286102
"Spain",2010,"128.53921","134.31901","123.12276","89.16836","90.79293","87.64591",26.05485,4.85608005523682,30658.7422282912,18.541,20.137,17.157,19.86,22.6,33.6,28.2,0.566200017929077,0.611999988555908,0.660799980163574,0.53549998998642,0.59960001707077
"Spain",2011,"135.15373","139.17302","131.39083","88.61856","89.92133","87.39889",25.89151,4.7408299446106,31824.6219134777,21.041,23.197,19.156,21.39,21.5,31,26.3,0.559300005435944,0.636300027370453,0.677600026130676,0.556999981403351,0.615899980068207
"Spain",2012,"139.05897","142.23007","136.0734","88.95521","89.82375","88.13748",21.01442,4.48113012313843,28456.4438151477,24.626,26.428,23.045,24.789,20.5,28.9,24.7,0.616100013256073,0.651199996471405,0.717199981212616,0.572099983692169,0.642099976539612
"Spain",2013,"121.33607","124.02585","118.78621","90.35061","90.8187","89.90688",18.50276,4.34961986541748,29218.9105170888,25.56,26.601,24.604,26.094,19.8,27.2,23.6,0.565599977970123,0.661899983882904,0.689100027084351,0.58380001783371,0.635299980640411
"Spain",2014,"123.87872","125.6826","122.16289","90.13399","90.29474","89.98109",18.22419,4.30150985717773,29694.8874886229,25.081,27.168,23.213,24.441,18.1,25.6,21.9,0.658900022506714,0.698000013828278,0.747399985790253,0.634500026702881,0.687399983406067
"Spain",2015,"126.27958","127.96074","124.67937","91.29831","91.46212","91.14238",18.49989,4.28457021713257,25969.8383138327,21.471,24.143,19.102,22.057,15.8,24,20,0.632700026035309,0.707199990749359,0.756699979305267,0.620999991893768,0.687200009822845
"Spain",2016,"128.3556","130.77","126.06225","93.56269","93.74461","93.38989",18.88163,4.22544002532959,26740.6851818829,19.305,22.333,16.664,19.635,15.1,22.7,19,0.671599984169006,0.721000015735626,0.78930002450943,0.630999982357025,0.708299994468689
"Spain",2017,"128.21079","131.46496","125.12008","96.17385","96.73671","95.63927",NA,4.20552015304565,28367.9392609439,17.292,19.892,15.018,17.224,14.5,21.8,18.3,0.734200000762939,0.732699990272522,0.792500019073486,0.676199972629547,0.732900023460388
"Spain",2018,"129.88295","133.2929","126.6471","98.3443","98.89367","97.82297",NA,4.1794900894165,30592.1264795541,15.383,17.972,13.036,15.255,14,21.7,17.9,0.688499987125397,0.722100019454956,0.781199991703033,0.656899988651276,0.718200027942657
"Austria",2019,NA,NA,NA,NA,NA,NA,NA,5.21779012680054,49885.9947355204,3.997,3.891,4.085,4.56,6.1,9.5,7.8,0.913699984550476,0.826900005340576,0.896499991416931,0.81879997253418,0.858399987220764
"Austria",2020,NA,NA,NA,NA,NA,NA,NA,5.57126998901367,48716.4098900349,4.885,4.632,5.096,5.201,6.3,10,8.1,0.910700023174286,0.807299971580505,0.888000011444092,0.803799986839294,0.846099972724915
"Austria",2021,NA,NA,NA,NA,NA,NA,NA,5.49411010742188,53648.7190742245,6.045,6.256,5.872,6.459,6.3,9.6,8,0.906499981880188,0.819199979305267,0.885399997234344,0.819000005722046,0.853200018405914
"Austria",2022,NA,NA,NA,NA,NA,NA,NA,4.77447128295898,52176.6649141178,4.241,3.816,4.615,4.992,7.4,9.5,8.4,NA,NA,NA,NA,NA
"Austria",2023,NA,NA,NA,NA,NA,NA,NA,NA,56033.573792065,4.596,4.184,4.954,5.264,7.9,9.3,8.6,NA,NA,NA,NA,NA
"Austria",2024,NA,NA,NA,NA,NA,NA,NA,NA,NA,NA,NA,NA,5.439,7,9.2,8.1,NA,NA,NA,NA,NA
"Bulgaria",2019,NA,NA,NA,NA,NA,NA,NA,4.19902992248535,9838.60058985384,3.39,3.136,3.568,4.23,13.1,14.6,13.9,0.704299986362457,0.888700008392334,0.863099992275238,0.823300004005432,0.842499971389771
"Bulgaria",2020,NA,NA,NA,NA,NA,NA,NA,4.50513982772827,10198.5388313404,4.635,4.377,4.818,5.125,12,13.5,12.8,0.668799996376038,0.919099986553192,0.861800014972687,0.840699970722198,0.851100027561188
"Bulgaria",2021,NA,NA,NA,NA,NA,NA,NA,4.73032999038696,12274.0775950496,5.216,5.295,5.16,5.267,12.8,11.3,12,0.736599981784821,0.923799991607666,0.873199999332428,0.866599977016449,0.869700014591217
"Bulgaria",2022,NA,NA,NA,NA,NA,NA,NA,NA,13644.201582807,4.007,4.295,3.808,4.268,11.4,9.1,10.3,NA,NA,NA,NA,NA
"Bulgaria",2023,NA,NA,NA,NA,NA,NA,NA,NA,15885.5391311331,4.136,3.957,4.262,4.319,9.2,9.4,9.3,NA,NA,NA,NA,NA
"Bulgaria",2024,NA,NA,NA,NA,NA,NA,NA,NA,NA,NA,NA,NA,4.104,8.2,8.1,8.2,NA,NA,NA,NA,NA
"Estonia",2019,NA,NA,NA,NA,NA,NA,NA,5.26041984558105,24021.2501413306,4.795,5.991,3.933,4.514,8,14.4,11.2,0.788800001144409,0.844600021839142,0.890600025653839,0.759500026702881,0.827899992465973
"Estonia",2020,NA,NA,NA,NA,NA,NA,NA,5.52696990966797,23933.9939421065,7.425,7.985,7.016,6.956,6.3,10.7,8.5,0.816600024700165,0.893100023269653,0.881900012493134,0.861299991607666,0.871800005435944
"Estonia",2021,NA,NA,NA,NA,NA,NA,NA,5.2632098197937,27953.7670230126,6.854,7.011,6.741,6.178,7.6,12,9.8,0.816699981689453,0.876200020313263,0.873700022697449,0.842899978160858,0.857699990272522
"Estonia",2022,NA,NA,NA,NA,NA,NA,NA,NA,28451.1477825175,5.895,6.139,5.723,5.571,7.5,14.3,10.8,NA,NA,NA,NA,NA
"Estonia",2023,NA,NA,NA,NA,NA,NA,NA,NA,30133.304450454,7.43,8.612,6.553,6.378,8,11.4,9.7,NA,NA,NA,NA,NA
"Estonia",2024,NA,NA,NA,NA,NA,NA,NA,NA,NA,NA,NA,NA,7.828,8.6,13.3,11,NA,NA,NA,NA,NA
"France",2019,NA,NA,NA,NA,NA,NA,NA,5.35443019866943,40408.2848574751,9.145,9.85,8.55,8.415,6.9,9.6,8.2,0.88400000333786,0.877300024032593,0.909099996089935,0.850099980831146,0.879100024700165
"France",2020,NA,NA,NA,NA,NA,NA,NA,5.65981006622314,39169.8606000707,8.854,9.326,8.462,8.009,6.3,9.7,8,0.891300022602081,0.876900017261505,0.912599980831146,0.848599970340729,0.880599975585938
"France",2021,NA,NA,NA,NA,NA,NA,NA,5.43038988113403,43725.0999521245,8.48,9.028,8.017,7.874,6.1,9.6,7.8,0.914399981498718,0.914499998092651,0.927900016307831,0.901700019836426,0.914399981498718
"France",2022,NA,NA,NA,NA,NA,NA,NA,NA,41082.8119320747,8.17,8.552,7.853,7.308,6,9.2,7.6,NA,NA,NA,NA,NA
"France",2023,NA,NA,NA,NA,NA,NA,NA,NA,44690.9345395117,8.074,8.52,7.699,7.335,5.6,9.5,7.6,NA,NA,NA,NA,NA
"France",2024,NA,NA,NA,NA,NA,NA,NA,NA,NA,NA,NA,NA,7.37,6.1,9.4,7.7,NA,NA,NA,NA,NA
"Germany",2019,NA,NA,NA,NA,NA,NA,NA,5.11552000045776,47623.8656074829,2.705,2.324,3.068,3.163,8.7,11.8,10.3,0.817399978637695,0.792400002479553,0.822700023651123,0.774200022220612,0.796899974346161
"Germany",2020,NA,NA,NA,NA,NA,NA,NA,5.59038019180298,47379.765194548,3.2,2.892,3.495,3.881,8.3,11.7,10.1,0.838299989700317,0.807399988174438,0.849200010299683,0.77700001001358,0.812799990177155
"Germany",2021,NA,NA,NA,NA,NA,NA,NA,5.45488977432251,52265.6541620571,3.097,2.661,3.519,3.594,10.5,14.4,12.5,0.795000016689301,0.781499981880188,0.818300008773804,0.75110000371933,0.783699989318848
"Germany",2022,NA,NA,NA,NA,NA,NA,NA,4.54389047622681,49686.1154582583,2.704,2.311,3.092,3.12,11.2,14.1,12.7,NA,NA,NA,NA,NA
"Germany",2023,NA,NA,NA,NA,NA,NA,NA,NA,54343.2265084958,2.571,2.316,2.821,3.068,10.4,15.2,12.8,NA,NA,NA,NA,NA
"Germany",2024,NA,NA,NA,NA,NA,NA,NA,NA,NA,NA,NA,NA,3.406,10.4,14.2,12.4,NA,NA,NA,NA,NA
"Greece",2019,NA,NA,NA,NA,NA,NA,NA,3.58612990379333,19335.3602002969,19.233,24.859,15.211,17.045,3.2,4.9,4.1,0.912000000476837,0.953400015830994,0.950900018215179,0.943499982357025,0.947099983692169
"Greece",2020,NA,NA,NA,NA,NA,NA,NA,4.49500036239624,17886.733165236,18.182,22.827,14.864,15.899,3.1,4.4,3.8,0.912899971008301,0.958899974822998,0.954500019550323,0.948400020599365,0.951399981975555
"Greece",2021,NA,NA,NA,NA,NA,NA,NA,4.08201456069946,20654.7001960815,16.986,22.774,12.879,14.656,2.9,3.4,3.2,0.946699976921082,0.925499975681305,0.939000010490417,0.922699987888336,0.930599987506866
"Greece",2022,NA,NA,NA,NA,NA,NA,NA,NA,20971.8349258283,14.506,20.803,10.099,12.426,4.5,3.8,4.1,NA,NA,NA,NA,NA
"Greece",2023,NA,NA,NA,NA,NA,NA,NA,NA,23400.7278817691,12.816,17.604,9.485,11.066,3.6,3.8,3.7,NA,NA,NA,NA,NA
"Greece",2024,NA,NA,NA,NA,NA,NA,NA,NA,NA,NA,NA,NA,10.133,2.4,3.7,3,NA,NA,NA,NA,NA
"Hungary",2019,NA,NA,NA,NA,NA,NA,NA,4.22488021850586,16786.2136399075,3.019,3.223,2.878,3.419,11,12.7,11.9,0.79720002412796,0.906300008296967,0.880400002002716,0.86269998550415,0.871200025081635
"Hungary",2020,NA,NA,NA,NA,NA,NA,NA,4.1535701751709,16131.9540355923,4.116,4.588,3.793,4.25,11.2,12.8,12,0.768199980258942,0.909699976444244,0.880800008773804,0.849300026893616,0.864499986171722
"Hungary",2021,NA,NA,NA,NA,NA,NA,NA,4.68406009674072,18755.1023464312,3.942,4.479,3.55,4.045,11.7,12.3,12,0.761699974536896,0.882600009441376,0.857800006866455,0.827600002288818,0.842499971389771
"Hungary",2022,NA,NA,NA,NA,NA,NA,NA,NA,18353.298364905,3.306,3.351,3.273,3.609,11.6,12.8,12.2,NA,NA,NA,NA,NA
"Hungary",2023,NA,NA,NA,NA,NA,NA,NA,NA,22141.8669799276,3.831,4.083,3.645,4.107,10.4,12.7,11.6,NA,NA,NA,NA,NA
"Hungary",2024,NA,NA,NA,NA,NA,NA,NA,NA,NA,NA,NA,NA,4.434,9.9,10.7,10.3,NA,NA,NA,NA,NA
"Italy",2019,NA,NA,NA,NA,NA,NA,NA,4.09527015686035,33812.788724868,9.437,11.086,8.183,9.951,11.3,15.2,13.3,0.829900026321411,0.835799992084503,0.855700016021729,0.814400017261505,0.834299981594086
"Italy",2020,NA,NA,NA,NA,NA,NA,NA,4.44135999679565,32091.4866621366,8.736,10.254,7.603,9.164,11.3,16.9,14.2,0.847000002861023,0.84579998254776,0.872699975967407,0.821900010108948,0.846099972724915
"Italy",2021,NA,NA,NA,NA,NA,NA,NA,4.21828985214233,36852.5425414951,9.203,11.037,7.823,9.497,10.5,14.8,12.7,0.861100018024445,0.843400001525879,0.882200002670288,0.813300013542175,0.846199989318848
"Italy",2022,NA,NA,NA,NA,NA,NA,NA,NA,35635.7442204098,7.753,9.676,6.302,8.069,9.1,13.6,11.5,NA,NA,NA,NA,NA
"Italy",2023,NA,NA,NA,NA,NA,NA,NA,NA,39003.3160954123,7.396,9.206,6.055,7.627,7.6,13.1,10.5,NA,NA,NA,NA,NA
"Italy",2024,NA,NA,NA,NA,NA,NA,NA,NA,NA,NA,NA,NA,6.778,7.1,12.2,9.8,NA,NA,NA,NA,NA
"Lithuania",2019,NA,NA,NA,NA,NA,NA,NA,3.9640998840332,19727.7607453736,8.298,8.084,8.461,6.255,2.8,5.1,4,0.935500025749207,0.958899974822998,0.959699988365173,0.939800024032593,0.949400007724762
"Lithuania",2020,NA,NA,NA,NA,NA,NA,NA,4.50859022140503,20541.824988603,11.364,11.455,11.297,8.487,3.4,7.7,5.6,0.867399990558624,0.940100014209747,0.936999976634979,0.882200002670288,0.908500015735626
"Lithuania",2021,NA,NA,NA,NA,NA,NA,NA,4.25490999221802,23934.728489916,9.287,9.639,9.015,7.112,4.2,6.3,5.3,0.864300012588501,0.951600015163422,0.948000013828278,0.883800029754639,0.913500010967255
"Lithuania",2022,NA,NA,NA,NA,NA,NA,NA,NA,25085.784063499,7.58,7.661,7.518,5.955,4,5.5,4.8,NA,NA,NA,NA,NA
"Lithuania",2023,NA,NA,NA,NA,NA,NA,NA,NA,27786.0057829276,8.93,9.528,8.507,6.841,6.1,6.6,6.4,NA,NA,NA,NA,NA
"Lithuania",2024,NA,NA,NA,NA,NA,NA,NA,NA,NA,NA,NA,NA,7.504,6.8,10,8.4,NA,NA,NA,NA,NA
"Poland",2019,NA,NA,NA,NA,NA,NA,NA,4.67881011962891,15874.5220531254,3.214,3.746,2.77,3.267,3.6,6.6,5.1,0.927299976348877,0.928300023078918,0.950200021266937,0.906599998474121,0.927900016307831
"Poland",2020,NA,NA,NA,NA,NA,NA,NA,4.85265016555786,15987.5753654045,3.125,3.455,2.854,3.155,3.7,6.9,5.3,0.920700013637543,0.925899982452393,0.935599982738495,0.912400007247925,0.923600018024445
"Poland",2021,NA,NA,NA,NA,NA,NA,NA,4.67303991317749,18635.5104895754,3.82,4.315,3.428,3.268,4.3,7.2,5.8,0.933200001716614,0.944700002670288,0.954100012779236,0.925899982452393,0.939499974250793
"Poland",2022,NA,NA,NA,NA,NA,NA,NA,NA,18891.2121169279,3.302,4.134,2.653,2.811,3.7,5.8,4.7,NA,NA,NA,NA,NA
"Poland",2023,NA,NA,NA,NA,NA,NA,NA,NA,22056.6661704127,3.252,4.197,2.529,2.743,2.4,4.9,3.7,NA,NA,NA,NA,NA
"Poland",2024,NA,NA,NA,NA,NA,NA,NA,NA,NA,NA,NA,NA,2.472,3.4,4.8,4.1,NA,NA,NA,NA,NA
"Portugal",2019,NA,NA,NA,NA,NA,NA,NA,4.63002014160156,23343.3628970034,7.222,8.253,6.197,6.464,7.4,13.5,10.5,0.822799980640411,0.822499990463257,0.867999970912933,0.778599977493286,0.82260000705719
"Portugal",2020,NA,NA,NA,NA,NA,NA,NA,4.87656021118164,22299.4044062173,8.383,9.373,7.474,6.801,5.2,12.9,9.1,0.844799995422363,0.848999977111816,0.90420001745224,0.791899979114532,0.847899973392487
"Portugal",2021,NA,NA,NA,NA,NA,NA,NA,4.78316020965576,24711.4510062111,8.138,8.59,7.724,6.577,4,8.6,6.4,0.875699996948242,0.905799984931946,0.924099981784821,0.873099982738495,0.898699998855591
"Portugal",2022,NA,NA,NA,NA,NA,NA,NA,NA,24620.519556875,6.637,7.368,5.944,6.011,4.1,8.4,6.3,NA,NA,NA,NA,NA
"Portugal",2023,NA,NA,NA,NA,NA,NA,NA,NA,27331.2094945255,7.523,7.938,7.12,6.509,6.1,10,8.1,NA,NA,NA,NA,NA
"Portugal",2024,NA,NA,NA,NA,NA,NA,NA,NA,NA,NA,NA,NA,6.384,5.3,7.8,6.6,NA,NA,NA,NA,NA
"Romania",2019,NA,NA,NA,NA,NA,NA,NA,3.56695008277893,12992.0326104674,3.979,3.781,4.112,3.912,15.8,14.9,15.3,0.771000027656555,0.905399978160858,0.834299981594086,0.858399987220764,0.846400022506714
"Romania",2020,NA,NA,NA,NA,NA,NA,NA,3.58926010131836,13082.3006559554,5.104,5.038,5.149,5.035,16.6,14.7,15.6,0.764900028705597,0.910700023174286,0.830999970436096,0.857599973678589,0.844500005245209
"Romania",2021,NA,NA,NA,NA,NA,NA,NA,3.32452988624573,14986.7854904274,5.113,5.12,5.109,5.59,15.5,15.1,15.3,0.749100029468536,0.914799988269806,0.837599992752075,0.838900029659271,0.838299989700317
"Romania",2022,NA,NA,NA,NA,NA,NA,NA,NA,15557.8826247584,5.206,5.255,5.174,5.614,15,16.2,15.6,NA,NA,NA,NA,NA
"Romania",2023,NA,NA,NA,NA,NA,NA,NA,NA,18404.2730871704,4.872,5.054,4.749,5.589,16.7,16.5,16.6,NA,NA,NA,NA,NA
"Romania",2024,NA,NA,NA,NA,NA,NA,NA,NA,NA,NA,NA,NA,5.379,18.3,15.4,16.8,NA,NA,NA,NA,NA
"Serbia",2019,NA,NA,NA,NA,NA,NA,NA,3.61647009849548,7755.632986437,11.234,12.698,10.265,10.395,6.7,6.5,6.6,NA,0.857900023460388,0.867200016975403,0.809300005435944,0.836899995803833
"Serbia",2020,NA,NA,NA,NA,NA,NA,NA,NA,8098.70955668849,9.576,10.493,8.967,9.011,5.8,5.4,5.6,NA,NA,NA,NA,NA
"Serbia",2021,NA,NA,NA,NA,NA,NA,NA,3.29867005348206,9680.52798074468,10.522,11.909,9.586,9.843,6.6,8.7,7.7,NA,NA,NA,NA,NA
"Serbia",2022,NA,NA,NA,NA,NA,NA,NA,3.23938989639282,10022.9688543402,9.398,10.483,8.639,8.439,5,6.5,5.7,NA,NA,NA,NA,NA
"Serbia",2023,NA,NA,NA,NA,NA,NA,NA,NA,12281.5058488303,8.883,9.704,8.31,8.268,5.9,5.8,5.8,NA,NA,NA,NA,NA
"Serbia",2024,NA,NA,NA,NA,NA,NA,NA,NA,NA,NA,NA,NA,7.39,5.7,6.8,6.2,NA,NA,NA,NA,NA
"Slovenia",2019,NA,NA,NA,NA,NA,NA,NA,4.89153003692627,25814.1687167572,4.644,5.744,3.923,4.446,3.8,5.2,4.6,0.951499998569489,0.912800014019012,0.937699973583221,0.922399997711182,0.929499983787537
"Slovenia",2020,NA,NA,NA,NA,NA,NA,NA,5.38373994827271,25392.0651093612,5.526,7.503,4.283,4.971,3.4,4.6,4.1,0.957199990749359,0.938799977302551,0.962700009346008,0.932699978351593,0.946900010108948
"Slovenia",2021,NA,NA,NA,NA,NA,NA,NA,5.36526012420654,29187.369382785,5.405,6.898,4.502,4.744,1.9,4.2,3.1,0.967599987983704,0.939899981021881,0.976300001144409,0.9307000041008,0.952099978923798
"Slovenia",2022,NA,NA,NA,NA,NA,NA,NA,NA,28373.8382265999,4.461,5.681,3.742,4.011,3.9,4.1,4,NA,NA,NA,NA,NA
"Slovenia",2023,NA,NA,NA,NA,NA,NA,NA,NA,32610.110922729,3.845,4.381,3.523,3.652,4.9,5.8,5.4,NA,NA,NA,NA,NA
"Slovenia",2024,NA,NA,NA,NA,NA,NA,NA,NA,NA,NA,NA,NA,3.357,3.5,6.2,5,NA,NA,NA,NA,NA
"Spain",2019,NA,NA,NA,NA,NA,NA,NA,4.23021984100342,29776.2011500384,14.459,16.783,12.377,14.104,13,21.4,17.3,0.758899986743927,0.750400006771088,0.811600029468536,0.694400012493134,0.751399993896484
"Spain",2020,NA,NA,NA,NA,NA,NA,NA,4.89540004730225,27230.3599933583,17.587,20.268,15.193,15.532,11.6,20.2,16,0.755400002002716,0.779399991035461,0.837100028991699,0.716099977493286,0.776400029659271
"Spain",2021,NA,NA,NA,NA,NA,NA,NA,4.86506986618042,30817.6828559001,16.02,19.076,13.339,14.781,9.7,16.7,13.3,0.768499970436096,0.754299998283386,0.800700008869171,0.714699983596802,0.756200015544891
"Spain",2022,NA,NA,NA,NA,NA,NA,NA,4.31587886810303,30287.3657583614,13.756,16.509,11.247,12.917,11.1,16.7,13.9,NA,NA,NA,NA,NA
"Spain",2023,NA,NA,NA,NA,NA,NA,NA,NA,33509.0127982139,13.271,15.487,11.323,12.179,11.3,16,13.7,NA,NA,NA,NA,NA
"Spain",2024,NA,NA,NA,NA,NA,NA,NA,NA,NA,NA,NA,NA,11.394,10,15.8,13,NA,NA,NA,NA,NA
